function,eta,alpha,alpha_pull,num_workers,beta,num_epochs,final_loss,best_loss,converged,elapsed_s
sphere,0.0005012,0.325,0.45,4,2.0,10000,0.01409467,0.01409467,0,0.059
sphere,0.0005012,0.325,0.55,4,2.0,10000,0.0348283,0.0348283,0,0.062
sphere,0.0005012,0.325,0.65,4,2.0,10000,0.07166263,0.07166263,0,0.061
sphere,0.0005012,0.325,0.75,4,2.0,10000,0.12922097,0.12922097,0,0.06
sphere,0.0005012,0.325,0.85,4,2.0,10000,0.21116172,0.21116172,0,0.06
sphere,0.0005012,0.46,0.45,4,2.0,10000,0.00243041,0.00243041,0,0.061
sphere,0.0005012,0.46,0.55,4,2.0,10000,0.00634095,0.00634095,0,0.061
sphere,0.0005012,0.46,0.65,4,2.0,10000,0.01393394,0.01393394,0,0.063
sphere,0.0005012,0.46,0.75,4,2.0,10000,0.02691917,0.02691917,0,0.06
sphere,0.0005012,0.46,0.85,4,2.0,10000,0.04709245,0.04709245,0,0.06
sphere,0.0005012,0.595,0.45,4,2.0,10000,0.00065684,0.00065684,1,0.06
sphere,0.0005012,0.595,0.55,4,2.0,10000,0.00171627,0.00171627,0,0.06
sphere,0.0005012,0.595,0.65,4,2.0,10000,0.0038456,0.0038456,0,0.06
sphere,0.0005012,0.595,0.75,4,2.0,10000,0.00764942,0.00764942,0,0.061
sphere,0.0005012,0.595,0.85,4,2.0,10000,0.01384744,0.01384744,0,0.06
sphere,0.0005012,0.73,0.45,4,2.0,10000,0.0002395,0.0002395,1,0.06
sphere,0.0005012,0.73,0.55,4,2.0,10000,0.00061159,0.00061159,1,0.061
sphere,0.0005012,0.73,0.65,4,2.0,10000,0.00136397,0.00136397,0,0.062
sphere,0.0005012,0.73,0.75,4,2.0,10000,0.00273142,0.00273142,0,0.061
sphere,0.0005012,0.73,0.85,4,2.0,10000,0.00501347,0.00501347,0,0.062
sphere,0.0005012,0.865,0.45,4,2.0,10000,0.00010759,0.00010759,1,0.061
sphere,0.0005012,0.865,0.55,4,2.0,10000,0.00026559,0.00026559,1,0.061
sphere,0.0005012,0.865,0.65,4,2.0,10000,0.0005822,0.0005822,1,0.06
sphere,0.0005012,0.865,0.75,4,2.0,10000,0.00115883,0.00115883,0,0.063
sphere,0.0005012,0.865,0.85,4,2.0,10000,0.00213018,0.00213018,0,0.06
sphere,0.0005012,1.0,0.45,4,2.0,10000,5.619e-05,5.619e-05,1,0.061
sphere,0.0005012,1.0,0.55,4,2.0,10000,0.00013354,0.00013354,1,0.061
sphere,0.0005012,1.0,0.65,4,2.0,10000,0.00028594,0.00028594,1,0.062
sphere,0.0005012,1.0,0.75,4,2.0,10000,0.00056161,0.00056161,1,0.063
sphere,0.0005012,1.0,0.85,4,2.0,10000,0.00102615,0.00102615,0,0.061
sphere,0.0006918,0.325,0.45,4,2.0,10000,0.00069574,0.00069574,1,0.063
sphere,0.0006918,0.325,0.55,4,2.0,10000,0.00237609,0.00237609,0,0.063
sphere,0.0006918,0.325,0.65,4,2.0,10000,0.00632928,0.00632928,0,0.063
sphere,0.0006918,0.325,0.75,4,2.0,10000,0.01409907,0.01409907,0,0.061
sphere,0.0006918,0.325,0.85,4,2.0,10000,0.0274881,0.0274881,0,0.06
sphere,0.0006918,0.46,0.45,4,2.0,10000,5.996e-05,5.996e-05,1,0.061
sphere,0.0006918,0.46,0.55,4,2.0,10000,0.00022254,0.00022254,1,0.062
sphere,0.0006918,0.46,0.65,4,2.0,10000,0.00065253,0.00065253,1,0.06
sphere,0.0006918,0.46,0.75,4,2.0,10000,0.00160416,0.00160416,0,0.062
sphere,0.0006918,0.46,0.85,4,2.0,10000,0.00344367,0.00344367,0,0.061
sphere,0.0006918,0.595,0.45,4,2.0,10000,9.62e-06,9.62e-06,1,0.062
sphere,0.0006918,0.595,0.55,4,2.0,10000,3.598e-05,3.598e-05,1,0.061
sphere,0.0006918,0.595,0.65,4,2.0,10000,0.00010884,0.00010884,1,0.063
sphere,0.0006918,0.595,0.75,4,2.0,10000,0.00027941,0.00027941,1,0.063
sphere,0.0006918,0.595,0.85,4,2.0,10000,0.00063021,0.00063021,1,0.061
sphere,0.0006918,0.73,0.45,4,2.0,10000,2.34e-06,2.34e-06,1,0.06
sphere,0.0006918,0.73,0.55,4,2.0,10000,8.52e-06,8.52e-06,1,0.064
sphere,0.0006918,0.73,0.65,4,2.0,10000,2.568e-05,2.568e-05,1,0.061
sphere,0.0006918,0.73,0.75,4,2.0,10000,6.669e-05,6.669e-05,1,0.061
sphere,0.0006918,0.73,0.85,4,2.0,10000,0.00015361,0.00015361,1,0.06
sphere,0.0006918,0.865,0.45,4,2.0,10000,7.6e-07,7.6e-07,1,0.061
sphere,0.0006918,0.865,0.55,4,2.0,10000,2.65e-06,2.65e-06,1,0.061
sphere,0.0006918,0.865,0.65,4,2.0,10000,7.83e-06,7.83e-06,1,0.061
sphere,0.0006918,0.865,0.75,4,2.0,10000,2.021e-05,2.021e-05,1,0.062
sphere,0.0006918,0.865,0.85,4,2.0,10000,4.671e-05,4.671e-05,1,0.061
sphere,0.0006918,1.0,0.45,4,2.0,10000,3.1e-07,3.1e-07,1,0.061
sphere,0.0006918,1.0,0.55,4,2.0,10000,1.02e-06,1.02e-06,1,0.062
sphere,0.0006918,1.0,0.65,4,2.0,10000,2.9e-06,2.9e-06,1,0.061
sphere,0.0006918,1.0,0.75,4,2.0,10000,7.37e-06,7.37e-06,1,0.062
sphere,0.0006918,1.0,0.85,4,2.0,10000,1.691e-05,1.691e-05,1,0.063
sphere,0.000955,0.325,0.45,4,2.0,10000,1.191e-05,1.191e-05,1,0.065
sphere,0.000955,0.325,0.55,4,2.0,10000,6.237e-05,6.237e-05,1,0.063
sphere,0.000955,0.325,0.65,4,2.0,10000,0.00023379,0.00023379,1,0.061
sphere,0.000955,0.325,0.75,4,2.0,10000,0.00068926,0.00068926,1,0.061
sphere,0.000955,0.325,0.85,4,2.0,10000,0.00169923,0.00169923,0,0.061
sphere,0.000955,0.46,0.45,4,2.0,10000,3.9e-07,3.9e-07,1,0.061
sphere,0.000955,0.46,0.55,4,2.0,10000,2.3e-06,2.3e-06,1,0.06
sphere,0.000955,0.46,0.65,4,2.0,10000,9.95e-06,9.95e-06,1,0.061
sphere,0.000955,0.46,0.75,4,2.0,10000,3.381e-05,3.381e-05,1,0.06
sphere,0.000955,0.46,0.85,4,2.0,10000,9.555e-05,9.555e-05,1,0.062
sphere,0.000955,0.595,0.45,4,2.0,10000,3e-08,3e-08,1,0.061
sphere,0.000955,0.595,0.55,4,2.0,10000,1.8e-07,1.8e-07,1,0.06
sphere,0.000955,0.595,0.65,4,2.0,10000,8.2e-07,8.2e-07,1,0.063
sphere,0.000955,0.595,0.75,4,2.0,10000,2.97e-06,2.97e-06,1,0.064
sphere,0.000955,0.595,0.85,4,2.0,10000,9.02e-06,9.02e-06,1,0.062
sphere,0.000955,0.73,0.45,4,2.0,10000,0.0,0.0,1,0.06
sphere,0.000955,0.73,0.55,4,2.0,10000,2e-08,2e-08,1,0.061
sphere,0.000955,0.73,0.65,4,2.0,10000,1.1e-07,1.1e-07,1,0.063
sphere,0.000955,0.73,0.75,4,2.0,10000,4e-07,4e-07,1,0.064
sphere,0.000955,0.73,0.85,4,2.0,10000,1.27e-06,1.27e-06,1,0.063
sphere,0.000955,0.865,0.45,4,2.0,10000,0.0,0.0,1,0.062
sphere,0.000955,0.865,0.55,4,2.0,10000,0.0,0.0,1,0.061
sphere,0.000955,0.865,0.65,4,2.0,10000,2e-08,2e-08,1,0.065
sphere,0.000955,0.865,0.75,4,2.0,10000,8e-08,8e-08,1,0.062
sphere,0.000955,0.865,0.85,4,2.0,10000,2.4e-07,2.4e-07,1,0.063
sphere,0.000955,1.0,0.45,4,2.0,10000,0.0,0.0,1,0.063
sphere,0.000955,1.0,0.55,4,2.0,10000,0.0,0.0,1,0.064
sphere,0.000955,1.0,0.65,4,2.0,10000,1e-08,1e-08,1,0.062
sphere,0.000955,1.0,0.75,4,2.0,10000,2e-08,2e-08,1,0.063
sphere,0.000955,1.0,0.85,4,2.0,10000,6e-08,6e-08,1,0.065
sphere,0.0013183,0.325,0.45,4,2.0,10000,5e-08,5e-08,1,0.063
sphere,0.0013183,0.325,0.55,4,2.0,10000,4.7e-07,4.7e-07,1,0.065
sphere,0.0013183,0.325,0.65,4,2.0,10000,2.72e-06,2.72e-06,1,0.062
sphere,0.0013183,0.325,0.75,4,2.0,10000,1.156e-05,1.156e-05,1,0.064
sphere,0.0013183,0.325,0.85,4,2.0,10000,3.872e-05,3.872e-05,1,0.062
sphere,0.0013183,0.46,0.45,4,2.0,10000,0.0,0.0,1,0.065
sphere,0.0013183,0.46,0.55,4,2.0,10000,0.0,0.0,1,0.065
sphere,0.0013183,0.46,0.65,4,2.0,10000,3e-08,3e-08,1,0.062
sphere,0.0013183,0.46,0.75,4,2.0,10000,1.8e-07,1.8e-07,1,0.065
sphere,0.0013183,0.46,0.85,4,2.0,10000,7.1e-07,7.1e-07,1,0.064
sphere,0.0013183,0.595,0.45,4,2.0,10000,0.0,0.0,1,0.061
sphere,0.0013183,0.595,0.55,4,2.0,10000,0.0,0.0,1,0.061
sphere,0.0013183,0.595,0.65,4,2.0,10000,0.0,0.0,1,0.061
sphere,0.0013183,0.595,0.75,4,2.0,10000,1e-08,1e-08,1,0.063
sphere,0.0013183,0.595,0.85,4,2.0,10000,3e-08,3e-08,1,0.062
sphere,0.0013183,0.73,0.45,4,2.0,10000,0.0,0.0,1,0.062
sphere,0.0013183,0.73,0.55,4,2.0,10000,0.0,0.0,1,0.065
sphere,0.0013183,0.73,0.65,4,2.0,10000,0.0,0.0,1,0.061
sphere,0.0013183,0.73,0.75,4,2.0,10000,0.0,0.0,1,0.065
sphere,0.0013183,0.73,0.85,4,2.0,10000,0.0,0.0,1,0.063
sphere,0.0013183,0.865,0.45,4,2.0,10000,0.0,0.0,1,0.061
sphere,0.0013183,0.865,0.55,4,2.0,10000,0.0,0.0,1,0.064
sphere,0.0013183,0.865,0.65,4,2.0,10000,0.0,0.0,1,0.063
sphere,0.0013183,0.865,0.75,4,2.0,10000,0.0,0.0,1,0.062
sphere,0.0013183,0.865,0.85,4,2.0,10000,0.0,0.0,1,0.065
sphere,0.0013183,1.0,0.45,4,2.0,10000,0.0,0.0,1,0.061
sphere,0.0013183,1.0,0.55,4,2.0,10000,0.0,0.0,1,0.062
sphere,0.0013183,1.0,0.65,4,2.0,10000,0.0,0.0,1,0.065
sphere,0.0013183,1.0,0.75,4,2.0,10000,0.0,0.0,1,0.064
sphere,0.0013183,1.0,0.85,4,2.0,10000,0.0,0.0,1,0.066
sphere,0.0018197,0.325,0.45,4,2.0,10000,0.0,0.0,1,0.066
sphere,0.0018197,0.325,0.55,4,2.0,10000,0.0,0.0,1,0.065
sphere,0.0018197,0.325,0.65,4,2.0,10000,1e-08,1e-08,1,0.062
sphere,0.0018197,0.325,0.75,4,2.0,10000,5e-08,5e-08,1,0.064
sphere,0.0018197,0.325,0.85,4,2.0,10000,2.4e-07,2.4e-07,1,0.06
sphere,0.0018197,0.46,0.45,4,2.0,10000,0.0,0.0,1,0.066
sphere,0.0018197,0.46,0.55,4,2.0,10000,0.0,0.0,1,0.066
sphere,0.0018197,0.46,0.65,4,2.0,10000,0.0,0.0,1,0.066
sphere,0.0018197,0.46,0.75,4,2.0,10000,0.0,0.0,1,0.066
sphere,0.0018197,0.46,0.85,4,2.0,10000,0.0,0.0,1,0.065
sphere,0.0018197,0.595,0.45,4,2.0,10000,0.0,0.0,1,0.066
sphere,0.0018197,0.595,0.55,4,2.0,10000,0.0,0.0,1,0.063
sphere,0.0018197,0.595,0.65,4,2.0,10000,0.0,0.0,1,0.062
sphere,0.0018197,0.595,0.75,4,2.0,10000,0.0,0.0,1,0.064
sphere,0.0018197,0.595,0.85,4,2.0,10000,0.0,0.0,1,0.064
sphere,0.0018197,0.73,0.45,4,2.0,10000,0.0,0.0,1,0.063
sphere,0.0018197,0.73,0.55,4,2.0,10000,0.0,0.0,1,0.065
sphere,0.0018197,0.73,0.65,4,2.0,10000,0.0,0.0,1,0.063
sphere,0.0018197,0.73,0.75,4,2.0,10000,0.0,0.0,1,0.064
sphere,0.0018197,0.73,0.85,4,2.0,10000,0.0,0.0,1,0.06
sphere,0.0018197,0.865,0.45,4,2.0,10000,0.0,0.0,1,0.065
sphere,0.0018197,0.865,0.55,4,2.0,10000,0.0,0.0,1,0.065
sphere,0.0018197,0.865,0.65,4,2.0,10000,0.0,0.0,1,0.064
sphere,0.0018197,0.865,0.75,4,2.0,10000,0.0,0.0,1,0.066
sphere,0.0018197,0.865,0.85,4,2.0,10000,0.0,0.0,1,0.065
sphere,0.0018197,1.0,0.45,4,2.0,10000,0.0,0.0,1,0.066
sphere,0.0018197,1.0,0.55,4,2.0,10000,0.0,0.0,1,0.061
sphere,0.0018197,1.0,0.65,4,2.0,10000,0.0,0.0,1,0.063
sphere,0.0018197,1.0,0.75,4,2.0,10000,0.0,0.0,1,0.062
sphere,0.0018197,1.0,0.85,4,2.0,10000,0.0,0.0,1,0.063
sphere,0.0025119,0.325,0.45,4,2.0,10000,0.0,0.0,1,0.063
sphere,0.0025119,0.325,0.55,4,2.0,10000,0.0,0.0,1,0.062
sphere,0.0025119,0.325,0.65,4,2.0,10000,0.0,0.0,1,0.065
sphere,0.0025119,0.325,0.75,4,2.0,10000,0.0,0.0,1,0.066
sphere,0.0025119,0.325,0.85,4,2.0,10000,0.0,0.0,1,0.066
sphere,0.0025119,0.46,0.45,4,2.0,10000,0.0,0.0,1,0.062
sphere,0.0025119,0.46,0.55,4,2.0,10000,0.0,0.0,1,0.065
sphere,0.0025119,0.46,0.65,4,2.0,10000,0.0,0.0,1,0.062
sphere,0.0025119,0.46,0.75,4,2.0,10000,0.0,0.0,1,0.061
sphere,0.0025119,0.46,0.85,4,2.0,10000,0.0,0.0,1,0.062
sphere,0.0025119,0.595,0.45,4,2.0,10000,0.0,0.0,1,0.063
sphere,0.0025119,0.595,0.55,4,2.0,10000,0.0,0.0,1,0.062
sphere,0.0025119,0.595,0.65,4,2.0,10000,0.0,0.0,1,0.065
sphere,0.0025119,0.595,0.75,4,2.0,10000,0.0,0.0,1,0.063
sphere,0.0025119,0.595,0.85,4,2.0,10000,0.0,0.0,1,0.062
sphere,0.0025119,0.73,0.45,4,2.0,10000,0.0,0.0,1,0.062
sphere,0.0025119,0.73,0.55,4,2.0,10000,0.0,0.0,1,0.063
sphere,0.0025119,0.73,0.65,4,2.0,10000,0.0,0.0,1,0.063
sphere,0.0025119,0.73,0.75,4,2.0,10000,0.0,0.0,1,0.063
sphere,0.0025119,0.73,0.85,4,2.0,10000,0.0,0.0,1,0.065
sphere,0.0025119,0.865,0.45,4,2.0,10000,0.0,0.0,1,0.07
sphere,0.0025119,0.865,0.55,4,2.0,10000,0.0,0.0,1,0.072
sphere,0.0025119,0.865,0.65,4,2.0,10000,0.0,0.0,1,0.072
sphere,0.0025119,0.865,0.75,4,2.0,10000,0.0,0.0,1,0.071
sphere,0.0025119,0.865,0.85,4,2.0,10000,0.0,0.0,1,0.072
sphere,0.0025119,1.0,0.45,4,2.0,10000,0.0,0.0,1,0.073
sphere,0.0025119,1.0,0.55,4,2.0,10000,0.0,0.0,1,0.073
sphere,0.0025119,1.0,0.65,4,2.0,10000,0.0,0.0,1,0.075
sphere,0.0025119,1.0,0.75,4,2.0,10000,0.0,0.0,1,0.072
sphere,0.0025119,1.0,0.85,4,2.0,10000,0.0,0.0,1,0.074
rosenbrock,0.0005012,0.325,0.45,4,2.0,10000,0.28248769,0.28248769,0,0.163
rosenbrock,0.0005012,0.325,0.55,4,2.0,10000,0.430537,0.430537,0,0.163
rosenbrock,0.0005012,0.325,0.65,4,2.0,10000,0.66663735,0.66663735,0,0.165
rosenbrock,0.0005012,0.325,0.75,4,2.0,10000,1.19992188,1.19992188,0,0.16
rosenbrock,0.0005012,0.325,0.85,4,2.0,10000,1.8416652,1.8416652,0,0.194
rosenbrock,0.0005012,0.46,0.45,4,2.0,10000,0.12415036,0.12415036,0,0.179
rosenbrock,0.0005012,0.46,0.55,4,2.0,10000,0.18600419,0.18600419,0,0.176
rosenbrock,0.0005012,0.46,0.65,4,2.0,10000,0.2950454,0.2950454,0,0.171
rosenbrock,0.0005012,0.46,0.75,4,2.0,10000,0.37920253,0.37920253,0,0.169
rosenbrock,0.0005012,0.46,0.85,4,2.0,10000,0.49518662,0.49518662,0,0.172
rosenbrock,0.0005012,0.595,0.45,4,2.0,10000,0.07941829,0.07941829,0,0.164
rosenbrock,0.0005012,0.595,0.55,4,2.0,10000,0.111052,0.111052,0,0.171
rosenbrock,0.0005012,0.595,0.65,4,2.0,10000,0.15247949,0.15247949,0,0.171
rosenbrock,0.0005012,0.595,0.75,4,2.0,10000,0.21017819,0.21017819,0,0.175
rosenbrock,0.0005012,0.595,0.85,4,2.0,10000,0.30052276,0.30052276,0,0.175
rosenbrock,0.0005012,0.73,0.45,4,2.0,10000,0.05831836,0.05831836,0,0.171
rosenbrock,0.0005012,0.73,0.55,4,2.0,10000,0.07856534,0.07856534,0,0.164
rosenbrock,0.0005012,0.73,0.65,4,2.0,10000,0.10384765,0.10384765,0,0.163
rosenbrock,0.0005012,0.73,0.75,4,2.0,10000,0.13518872,0.13518872,0,0.168
rosenbrock,0.0005012,0.73,0.85,4,2.0,10000,0.17475536,0.17475536,0,0.169
rosenbrock,0.0005012,0.865,0.45,4,2.0,10000,0.04632211,0.04632211,0,0.166
rosenbrock,0.0005012,0.865,0.55,4,2.0,10000,0.06075548,0.06075548,0,0.164
rosenbrock,0.0005012,0.865,0.65,4,2.0,10000,0.07829127,0.07829127,0,0.171
rosenbrock,0.0005012,0.865,0.75,4,2.0,10000,0.09923271,0.09923271,0,0.171
rosenbrock,0.0005012,0.865,0.85,4,2.0,10000,0.12456779,0.12456779,0,0.17
rosenbrock,0.0005012,1.0,0.45,4,2.0,10000,0.03870805,0.03870805,0,0.17
rosenbrock,0.0005012,1.0,0.55,4,2.0,10000,0.04969241,0.04969241,0,0.165
rosenbrock,0.0005012,1.0,0.65,4,2.0,10000,0.06277758,0.06277758,0,0.168
rosenbrock,0.0005012,1.0,0.75,4,2.0,10000,0.07820456,0.07820456,0,0.171
rosenbrock,0.0005012,1.0,0.85,4,2.0,10000,0.09706107,0.09706107,0,0.168
rosenbrock,0.0006918,0.325,0.45,4,2.0,10000,0.07798979,0.07798979,0,0.172
rosenbrock,0.0006918,0.325,0.55,4,2.0,10000,0.12257169,0.12257169,0,0.17
rosenbrock,0.0006918,0.325,0.65,4,2.0,10000,0.18897762,0.18897762,0,0.176
rosenbrock,0.0006918,0.325,0.75,4,2.0,10000,0.26911789,0.26911789,0,0.174
rosenbrock,0.0006918,0.325,0.85,4,2.0,10000,0.37404401,0.37404401,0,0.175
rosenbrock,0.0006918,0.46,0.45,4,2.0,10000,0.03792631,0.03792631,0,0.172
rosenbrock,0.0006918,0.46,0.55,4,2.0,10000,0.0562385,0.0562385,0,0.173
rosenbrock,0.0006918,0.46,0.65,4,2.0,10000,0.07986772,0.07986772,0,0.175
rosenbrock,0.0006918,0.46,0.75,4,2.0,10000,0.11017482,0.11017482,0,0.174
rosenbrock,0.0006918,0.46,0.85,4,2.0,10000,0.14881915,0.14881915,0,0.174
rosenbrock,0.0006918,0.595,0.45,4,2.0,10000,0.02348272,0.02348272,0,0.172
rosenbrock,0.0006918,0.595,0.55,4,2.0,10000,0.03364965,0.03364965,0,0.172
rosenbrock,0.0006918,0.595,0.65,4,2.0,10000,0.04634212,0.04634212,0,0.17
rosenbrock,0.0006918,0.595,0.75,4,2.0,10000,0.0619122,0.0619122,0,0.17
rosenbrock,0.0006918,0.595,0.85,4,2.0,10000,0.08089502,0.08089502,0,0.17
rosenbrock,0.0006918,0.73,0.45,4,2.0,10000,0.01657835,0.01657835,0,0.172
rosenbrock,0.0006918,0.73,0.55,4,2.0,10000,0.02311466,0.02311466,0,0.172
rosenbrock,0.0006918,0.73,0.65,4,2.0,10000,0.03112567,0.03112567,0,0.174
rosenbrock,0.0006918,0.73,0.75,4,2.0,10000,0.04075252,0.04075252,0,0.176
rosenbrock,0.0006918,0.73,0.85,4,2.0,10000,0.05243107,0.05243107,0,0.169
rosenbrock,0.0006918,0.865,0.45,4,2.0,10000,0.01271346,0.01271346,0,0.171
rosenbrock,0.0006918,0.865,0.55,4,2.0,10000,0.01730974,0.01730974,0,0.17
rosenbrock,0.0006918,0.865,0.65,4,2.0,10000,0.02287521,0.02287521,0,0.178
rosenbrock,0.0006918,0.865,0.75,4,2.0,10000,0.02947537,0.02947537,0,0.178
rosenbrock,0.0006918,0.865,0.85,4,2.0,10000,0.03749932,0.03749932,0,0.178
rosenbrock,0.0006918,1.0,0.45,4,2.0,10000,0.01028995,0.01028995,0,0.178
rosenbrock,0.0006918,1.0,0.55,4,2.0,10000,0.01374532,0.01374532,0,0.178
rosenbrock,0.0006918,1.0,0.65,4,2.0,10000,0.01787219,0.01787219,0,0.17
rosenbrock,0.0006918,1.0,0.75,4,2.0,10000,0.02270243,0.02270243,0,0.181
rosenbrock,0.0006918,1.0,0.85,4,2.0,10000,0.0288396,0.0288396,0,0.175
rosenbrock,0.000955,0.325,0.45,4,2.0,10000,0.02230361,0.02230361,0,0.176
rosenbrock,0.000955,0.325,0.55,4,2.0,10000,0.0384941,0.0384941,0,0.172
rosenbrock,0.000955,0.325,0.65,4,2.0,10000,0.05084691,0.05084691,0,0.18
rosenbrock,0.000955,0.325,0.75,4,2.0,10000,0.07305306,0.07305306,0,0.181
rosenbrock,0.000955,0.325,0.85,4,2.0,10000,0.10172707,0.10172707,0,0.178
rosenbrock,0.000955,0.46,0.45,4,2.0,10000,0.00960863,0.00960863,0,0.175
rosenbrock,0.000955,0.46,0.55,4,2.0,10000,0.0153323,0.0153323,0,0.174
rosenbrock,0.000955,0.46,0.65,4,2.0,10000,0.02301072,0.02301072,0,0.618
rosenbrock,0.000955,0.46,0.75,4,2.0,10000,0.0329921,0.0329921,0,0.813
rosenbrock,0.000955,0.46,0.85,4,2.0,10000,0.04074184,0.04074184,0,1.029
rosenbrock,0.000955,0.595,0.45,4,2.0,10000,0.00536597,0.00536597,0,0.851
rosenbrock,0.000955,0.595,0.55,4,2.0,10000,0.00833178,0.00833178,0,0.758
rosenbrock,0.000955,0.595,0.65,4,2.0,10000,0.01220056,0.01220056,0,1.028
rosenbrock,0.000955,0.595,0.75,4,2.0,10000,0.01715877,0.01715877,0,0.887
rosenbrock,0.000955,0.595,0.85,4,2.0,10000,0.02329176,0.02329176,0,1.05
rosenbrock,0.000955,0.73,0.45,4,2.0,10000,0.03728665,0.00769294,0,0.884
rosenbrock,0.000955,0.73,0.55,4,2.0,10000,0.00525903,0.00525903,0,0.921
rosenbrock,0.000955,0.73,0.65,4,2.0,10000,0.0075656,0.0075656,0,0.846
rosenbrock,0.000955,0.73,0.75,4,2.0,10000,0.01044236,0.01044236,0,0.78
rosenbrock,0.000955,0.73,0.85,4,2.0,10000,0.01397828,0.01397828,0,0.795
rosenbrock,0.000955,0.865,0.45,4,2.0,10000,0.00350349,0.00350349,0,0.7
rosenbrock,0.000955,0.865,0.55,4,2.0,10000,0.04109165,0.0078428,0,0.748
rosenbrock,0.000955,0.865,0.65,4,2.0,10000,0.0051816,0.0051816,0,0.838
rosenbrock,0.000955,0.865,0.75,4,2.0,10000,0.00708055,0.00708055,0,0.77
rosenbrock,0.000955,0.865,0.85,4,2.0,10000,0.00934914,0.00934914,0,0.684
rosenbrock,0.000955,1.0,0.45,4,2.0,10000,0.0023978,0.0023978,0,0.677
rosenbrock,0.000955,1.0,0.55,4,2.0,10000,0.00585289,0.00585289,0,0.708
rosenbrock,0.000955,1.0,0.65,4,2.0,10000,0.026883,0.00483488,0,0.517
rosenbrock,0.000955,1.0,0.75,4,2.0,10000,0.00512681,0.00512681,0,0.615
rosenbrock,0.000955,1.0,0.85,4,2.0,10000,0.00673739,0.00673739,0,0.526
rosenbrock,0.0013183,0.325,0.45,4,2.0,10000,0.00554716,0.00554716,0,0.644
rosenbrock,0.0013183,0.325,0.55,4,2.0,10000,0.01016398,0.01016398,0,0.537
rosenbrock,0.0013183,0.325,0.65,4,2.0,10000,0.0166251,0.0166251,0,0.562
rosenbrock,0.0013183,0.325,0.75,4,2.0,10000,0.02606647,0.02606647,0,0.574
rosenbrock,0.0013183,0.325,0.85,4,2.0,10000,0.03898399,0.03898399,0,0.601
rosenbrock,0.0013183,0.46,0.45,4,2.0,10000,0.00231097,0.00231097,0,0.618
rosenbrock,0.0013183,0.46,0.55,4,2.0,10000,0.00351663,0.00351663,0,0.535
rosenbrock,0.0013183,0.46,0.65,4,2.0,10000,0.00571497,0.00571497,0,0.637
rosenbrock,0.0013183,0.46,0.75,4,2.0,10000,0.00893587,0.00893587,0,0.608
rosenbrock,0.0013183,0.46,0.85,4,2.0,10000,0.01307074,0.01307074,0,0.611
rosenbrock,0.0013183,0.595,0.45,4,2.0,10000,0.00096992,0.00096992,1,0.602
rosenbrock,0.0013183,0.595,0.55,4,2.0,10000,0.00180654,0.00180654,0,0.575
rosenbrock,0.0013183,0.595,0.65,4,2.0,10000,0.00264093,0.00264093,0,0.643
rosenbrock,0.0013183,0.595,0.75,4,2.0,10000,0.00401148,0.00401148,0,0.618
rosenbrock,0.0013183,0.595,0.85,4,2.0,10000,0.00584779,0.00584779,0,0.578
rosenbrock,0.0013183,0.73,0.45,4,2.0,10000,0.0005432,0.0005432,1,0.661
rosenbrock,0.0013183,0.73,0.55,4,2.0,10000,0.00094313,0.00094313,1,0.562
rosenbrock,0.0013183,0.73,0.65,4,2.0,10000,0.00165964,0.00165964,0,0.559
rosenbrock,0.0013183,0.73,0.75,4,2.0,10000,0.00216519,0.00216519,0,0.642
rosenbrock,0.0013183,0.73,0.85,4,2.0,10000,0.00312545,0.00312545,0,0.577
rosenbrock,0.0013183,0.865,0.45,4,2.0,10000,0.00034297,0.00034297,1,0.683
rosenbrock,0.0013183,0.865,0.55,4,2.0,10000,0.00058486,0.00058486,1,0.574
rosenbrock,0.0013183,0.865,0.65,4,2.0,10000,0.00095152,0.00095152,1,0.65
rosenbrock,0.0013183,0.865,0.75,4,2.0,10000,0.00146678,0.00146678,0,0.66
rosenbrock,0.0013183,0.865,0.85,4,2.0,10000,0.00187737,0.00187737,0,0.581
rosenbrock,0.0013183,1.0,0.45,4,2.0,10000,0.00023805,0.00023805,1,0.521
rosenbrock,0.0013183,1.0,0.55,4,2.0,10000,0.00039327,0.00039327,1,0.597
rosenbrock,0.0013183,1.0,0.65,4,2.0,10000,0.00061384,0.00061384,1,0.611
rosenbrock,0.0013183,1.0,0.75,4,2.0,10000,0.00092883,0.00092883,1,0.595
rosenbrock,0.0013183,1.0,0.85,4,2.0,10000,0.00142492,0.00142492,0,0.627
rosenbrock,0.0018197,0.325,0.45,4,2.0,10000,6.15443935,6.15438328,0,0.564
rosenbrock,0.0018197,0.325,0.55,4,2.0,10000,6.35580944,6.35580944,0,0.63
rosenbrock,0.0018197,0.325,0.65,4,2.0,10000,6.33154907,6.27916022,0,0.576
rosenbrock,0.0018197,0.325,0.75,4,2.0,10000,6.28912554,6.28912554,0,0.63
rosenbrock,0.0018197,0.325,0.85,4,2.0,10000,6.29847189,6.29560988,0,0.654
rosenbrock,0.0018197,0.46,0.45,4,2.0,10000,6.08882668,6.07889688,0,0.605
rosenbrock,0.0018197,0.46,0.55,4,2.0,10000,6.26273871,6.26273871,0,0.629
rosenbrock,0.0018197,0.46,0.65,4,2.0,10000,6.30554383,6.27653255,0,0.737
rosenbrock,0.0018197,0.46,0.75,4,2.0,10000,6.32241551,6.303608,0,0.855
rosenbrock,0.0018197,0.46,0.85,4,2.0,10000,6.24793925,6.24739843,0,0.603
rosenbrock,0.0018197,0.595,0.45,4,2.0,10000,6.14563573,6.06946221,0,0.611
rosenbrock,0.0018197,0.595,0.55,4,2.0,10000,6.13116589,6.13001103,0,0.635
rosenbrock,0.0018197,0.595,0.65,4,2.0,10000,6.13261075,6.13261075,0,0.58
rosenbrock,0.0018197,0.595,0.75,4,2.0,10000,6.14159446,6.13969236,0,0.699
rosenbrock,0.0018197,0.595,0.85,4,2.0,10000,6.26249877,6.16127013,0,0.604
rosenbrock,0.0018197,0.73,0.45,4,2.0,10000,6.00607913,6.0023005,0,0.689
rosenbrock,0.0018197,0.73,0.55,4,2.0,10000,6.17281543,6.10592968,0,0.637
rosenbrock,0.0018197,0.73,0.65,4,2.0,10000,6.10575624,6.10307369,0,0.238
rosenbrock,0.0018197,0.73,0.75,4,2.0,10000,6.11201335,6.10079261,0,0.131
rosenbrock,0.0018197,0.73,0.85,4,2.0,10000,6.23748468,6.10609609,0,0.134
rosenbrock,0.0018197,0.865,0.45,4,2.0,10000,5.9550788,5.94821147,0,0.133
rosenbrock,0.0018197,0.865,0.55,4,2.0,10000,6.02420506,5.98911302,0,0.133
rosenbrock,0.0018197,0.865,0.65,4,2.0,10000,6.06334503,5.99158015,0,0.134
rosenbrock,0.0018197,0.865,0.75,4,2.0,10000,6.07560058,6.05302534,0,0.134
rosenbrock,0.0018197,0.865,0.85,4,2.0,10000,6.11962734,6.00327317,0,0.13
rosenbrock,0.0018197,1.0,0.45,4,2.0,10000,5.95391523,5.89661277,0,0.132
rosenbrock,0.0018197,1.0,0.55,4,2.0,10000,6.01406735,5.92430464,0,0.135
rosenbrock,0.0018197,1.0,0.65,4,2.0,10000,6.03481855,5.9031846,0,0.133
rosenbrock,0.0018197,1.0,0.75,4,2.0,10000,6.08100369,5.94501336,0,0.131
rosenbrock,0.0018197,1.0,0.85,4,2.0,10000,6.06357061,5.87199642,0,0.133
rosenbrock,0.0025119,0.325,0.45,4,2.0,10000,6.39072582,6.39072582,0,0.13
rosenbrock,0.0025119,0.325,0.55,4,2.0,10000,6.25390595,6.25390595,0,0.133
rosenbrock,0.0025119,0.325,0.65,4,2.0,10000,6.23937862,6.23937862,0,0.135
rosenbrock,0.0025119,0.325,0.75,4,2.0,10000,6.57687762,6.57687762,0,0.133
rosenbrock,0.0025119,0.325,0.85,4,2.0,10000,6.31640674,6.31640368,0,0.133
rosenbrock,0.0025119,0.46,0.45,4,2.0,10000,6.37163956,6.37163956,0,0.133
rosenbrock,0.0025119,0.46,0.55,4,2.0,10000,6.20685289,6.20685289,0,0.134
rosenbrock,0.0025119,0.46,0.65,4,2.0,10000,6.24244676,6.24206741,0,0.134
rosenbrock,0.0025119,0.46,0.75,4,2.0,10000,6.43039749,6.43039749,0,0.131
rosenbrock,0.0025119,0.46,0.85,4,2.0,10000,6.28344702,6.28344702,0,0.134
rosenbrock,0.0025119,0.595,0.45,4,2.0,10000,6.19315855,6.06050893,0,0.134
rosenbrock,0.0025119,0.595,0.55,4,2.0,10000,6.15774171,6.15774171,0,0.133
rosenbrock,0.0025119,0.595,0.65,4,2.0,10000,6.13811366,6.1349257,0,0.134
rosenbrock,0.0025119,0.595,0.75,4,2.0,10000,6.29559172,6.13748281,0,0.131
rosenbrock,0.0025119,0.595,0.85,4,2.0,10000,6.19008775,6.18909901,0,0.137
rosenbrock,0.0025119,0.73,0.45,4,2.0,10000,6.24701744,6.14472127,0,0.131
rosenbrock,0.0025119,0.73,0.55,4,2.0,10000,6.08193838,6.07771519,0,0.13
rosenbrock,0.0025119,0.73,0.65,4,2.0,10000,6.13774384,6.12928611,0,0.135
rosenbrock,0.0025119,0.73,0.75,4,2.0,10000,6.27952116,6.10959275,0,0.136
rosenbrock,0.0025119,0.73,0.85,4,2.0,10000,6.14383835,6.09799766,0,0.132
rosenbrock,0.0025119,0.865,0.45,4,2.0,10000,6.19819674,6.02779889,0,0.138
rosenbrock,0.0025119,0.865,0.55,4,2.0,10000,6.0192532,6.00758768,0,0.134
rosenbrock,0.0025119,0.865,0.65,4,2.0,10000,6.07397163,6.00947789,0,0.136
rosenbrock,0.0025119,0.865,0.75,4,2.0,10000,6.2673197,6.17032698,0,0.135
rosenbrock,0.0025119,0.865,0.85,4,2.0,10000,6.10756219,5.96406199,0,0.141
rosenbrock,0.0025119,1.0,0.45,4,2.0,10000,6.13614762,6.06985217,0,0.155
rosenbrock,0.0025119,1.0,0.55,4,2.0,10000,6.02334822,5.95565792,0,0.155
rosenbrock,0.0025119,1.0,0.65,4,2.0,10000,6.02761521,5.92340348,0,0.156
rosenbrock,0.0025119,1.0,0.75,4,2.0,10000,0.1045164,0.01413266,0,0.154
rosenbrock,0.0025119,1.0,0.85,4,2.0,10000,6.24264514,6.01342083,0,0.157
rastrigin,0.0005012,0.325,0.45,4,2.0,10000,17.90920248,17.90920248,0,0.125
rastrigin,0.0005012,0.325,0.55,4,2.0,10000,17.90920248,17.90920248,0,0.126
rastrigin,0.0005012,0.325,0.65,4,2.0,10000,17.90920248,17.90920248,0,0.129
rastrigin,0.0005012,0.325,0.75,4,2.0,10000,17.90920248,17.90920248,0,0.128
rastrigin,0.0005012,0.325,0.85,4,2.0,10000,17.90920248,17.90920248,0,0.125
rastrigin,0.0005012,0.46,0.45,4,2.0,10000,17.90920248,17.90920248,0,0.129
rastrigin,0.0005012,0.46,0.55,4,2.0,10000,17.90920248,17.90920248,0,0.126
rastrigin,0.0005012,0.46,0.65,4,2.0,10000,17.90920248,17.90920248,0,0.126
rastrigin,0.0005012,0.46,0.75,4,2.0,10000,17.90920248,17.90920248,0,0.126
rastrigin,0.0005012,0.46,0.85,4,2.0,10000,17.90920248,17.90920248,0,0.126
rastrigin,0.0005012,0.595,0.45,4,2.0,10000,17.90920248,17.90920248,0,0.128
rastrigin,0.0005012,0.595,0.55,4,2.0,10000,17.90920248,17.90920248,0,0.125
rastrigin,0.0005012,0.595,0.65,4,2.0,10000,17.90920248,17.90920248,0,0.127
rastrigin,0.0005012,0.595,0.75,4,2.0,10000,17.90920248,17.90920248,0,0.125
rastrigin,0.0005012,0.595,0.85,4,2.0,10000,17.90920248,17.90920248,0,0.127
rastrigin,0.0005012,0.73,0.45,4,2.0,10000,17.90920248,17.90920248,0,0.126
rastrigin,0.0005012,0.73,0.55,4,2.0,10000,17.90920248,17.90920248,0,0.127
rastrigin,0.0005012,0.73,0.65,4,2.0,10000,17.90920248,17.90920248,0,0.125
rastrigin,0.0005012,0.73,0.75,4,2.0,10000,17.90920248,17.90920248,0,0.126
rastrigin,0.0005012,0.73,0.85,4,2.0,10000,17.90920248,17.90920248,0,0.126
rastrigin,0.0005012,0.865,0.45,4,2.0,10000,17.90920248,17.90920248,0,0.126
rastrigin,0.0005012,0.865,0.55,4,2.0,10000,17.90920248,17.90920248,0,0.129
rastrigin,0.0005012,0.865,0.65,4,2.0,10000,17.90920248,17.90920248,0,0.127
rastrigin,0.0005012,0.865,0.75,4,2.0,10000,17.90920248,17.90920248,0,0.127
rastrigin,0.0005012,0.865,0.85,4,2.0,10000,17.90920248,17.90920248,0,0.125
rastrigin,0.0005012,1.0,0.45,4,2.0,10000,17.90920248,17.90920248,0,0.127
rastrigin,0.0005012,1.0,0.55,4,2.0,10000,17.90920248,17.90920248,0,0.127
rastrigin,0.0005012,1.0,0.65,4,2.0,10000,17.90920248,17.90920248,0,0.127
rastrigin,0.0005012,1.0,0.75,4,2.0,10000,17.90920248,17.90920248,0,0.126
rastrigin,0.0005012,1.0,0.85,4,2.0,10000,17.90920248,17.90920248,0,0.128
rastrigin,0.0006918,0.325,0.45,4,2.0,10000,17.90920248,17.90920248,0,0.126
rastrigin,0.0006918,0.325,0.55,4,2.0,10000,17.90920248,17.90920248,0,0.126
rastrigin,0.0006918,0.325,0.65,4,2.0,10000,17.90920248,17.90920248,0,0.129
rastrigin,0.0006918,0.325,0.75,4,2.0,10000,17.90920248,17.90920248,0,0.126
rastrigin,0.0006918,0.325,0.85,4,2.0,10000,17.90920248,17.90920248,0,0.129
rastrigin,0.0006918,0.46,0.45,4,2.0,10000,17.90920248,17.90920248,0,0.128
rastrigin,0.0006918,0.46,0.55,4,2.0,10000,17.90920248,17.90920248,0,0.128
rastrigin,0.0006918,0.46,0.65,4,2.0,10000,17.90920248,17.90920248,0,0.127
rastrigin,0.0006918,0.46,0.75,4,2.0,10000,17.90920248,17.90920248,0,0.126
rastrigin,0.0006918,0.46,0.85,4,2.0,10000,17.90920248,17.90920248,0,0.127
rastrigin,0.0006918,0.595,0.45,4,2.0,10000,17.90920248,17.90920248,0,0.127
rastrigin,0.0006918,0.595,0.55,4,2.0,10000,17.90920248,17.90920248,0,0.125
rastrigin,0.0006918,0.595,0.65,4,2.0,10000,17.90920248,17.90920248,0,0.126
rastrigin,0.0006918,0.595,0.75,4,2.0,10000,17.90920248,17.90920248,0,0.127
rastrigin,0.0006918,0.595,0.85,4,2.0,10000,17.90920248,17.90920248,0,0.125
rastrigin,0.0006918,0.73,0.45,4,2.0,10000,17.90920248,17.90920248,0,0.127
rastrigin,0.0006918,0.73,0.55,4,2.0,10000,17.90920248,17.90920248,0,0.125
rastrigin,0.0006918,0.73,0.65,4,2.0,10000,17.90920248,17.90920248,0,0.126
rastrigin,0.0006918,0.73,0.75,4,2.0,10000,17.90920248,17.90920248,0,0.127
rastrigin,0.0006918,0.73,0.85,4,2.0,10000,17.90920248,17.90920248,0,0.127
rastrigin,0.0006918,0.865,0.45,4,2.0,10000,17.90920248,17.90920248,0,0.127
rastrigin,0.0006918,0.865,0.55,4,2.0,10000,17.90920248,17.90920248,0,0.125
rastrigin,0.0006918,0.865,0.65,4,2.0,10000,17.90920248,17.90920248,0,0.129
rastrigin,0.0006918,0.865,0.75,4,2.0,10000,17.90920248,17.90920248,0,0.124
rastrigin,0.0006918,0.865,0.85,4,2.0,10000,17.90920248,17.90920248,0,0.128
rastrigin,0.0006918,1.0,0.45,4,2.0,10000,17.90920248,17.90920248,0,0.127
rastrigin,0.0006918,1.0,0.55,4,2.0,10000,17.90920248,17.90920248,0,0.127
rastrigin,0.0006918,1.0,0.65,4,2.0,10000,17.90920248,17.90920248,0,0.126
rastrigin,0.0006918,1.0,0.75,4,2.0,10000,17.90920248,17.90920248,0,0.126
rastrigin,0.0006918,1.0,0.85,4,2.0,10000,17.90920248,17.90920248,0,0.127
rastrigin,0.000955,0.325,0.45,4,2.0,10000,17.90920248,17.90920248,0,0.126
rastrigin,0.000955,0.325,0.55,4,2.0,10000,17.90920248,17.90920248,0,0.127
rastrigin,0.000955,0.325,0.65,4,2.0,10000,17.90920248,17.90920248,0,0.132
rastrigin,0.000955,0.325,0.75,4,2.0,10000,17.90920248,17.90920248,0,0.124
rastrigin,0.000955,0.325,0.85,4,2.0,10000,17.90920248,17.90920248,0,0.126
rastrigin,0.000955,0.46,0.45,4,2.0,10000,17.90920248,17.90920248,0,0.133
rastrigin,0.000955,0.46,0.55,4,2.0,10000,17.90920248,17.90920248,0,0.127
rastrigin,0.000955,0.46,0.65,4,2.0,10000,17.90920248,17.90920248,0,0.13
rastrigin,0.000955,0.46,0.75,4,2.0,10000,17.90920248,17.90920248,0,0.129
rastrigin,0.000955,0.46,0.85,4,2.0,10000,17.90920248,17.90920248,0,0.131
rastrigin,0.000955,0.595,0.45,4,2.0,10000,17.90920248,17.90920248,0,0.128
rastrigin,0.000955,0.595,0.55,4,2.0,10000,17.90920248,17.90920248,0,0.127
rastrigin,0.000955,0.595,0.65,4,2.0,10000,17.90920248,17.90920248,0,0.13
rastrigin,0.000955,0.595,0.75,4,2.0,10000,17.90920248,17.90920248,0,0.129
rastrigin,0.000955,0.595,0.85,4,2.0,10000,17.90920248,17.90920248,0,0.125
rastrigin,0.000955,0.73,0.45,4,2.0,10000,17.90920248,17.90920248,0,0.131
rastrigin,0.000955,0.73,0.55,4,2.0,10000,17.90920248,17.90920248,0,0.129
rastrigin,0.000955,0.73,0.65,4,2.0,10000,17.90920248,17.90920248,0,0.128
rastrigin,0.000955,0.73,0.75,4,2.0,10000,17.90920248,17.90920248,0,0.129
rastrigin,0.000955,0.73,0.85,4,2.0,10000,17.90920248,17.90920248,0,0.128
rastrigin,0.000955,0.865,0.45,4,2.0,10000,17.90920248,17.90920248,0,0.132
rastrigin,0.000955,0.865,0.55,4,2.0,10000,17.90920248,17.90920248,0,0.13
rastrigin,0.000955,0.865,0.65,4,2.0,10000,17.90920248,17.90920248,0,0.131
rastrigin,0.000955,0.865,0.75,4,2.0,10000,17.90920248,17.90920248,0,0.133
rastrigin,0.000955,0.865,0.85,4,2.0,10000,17.90920248,17.90920248,0,0.147
rastrigin,0.000955,1.0,0.45,4,2.0,10000,17.90920248,17.90920248,0,0.131
rastrigin,0.000955,1.0,0.55,4,2.0,10000,17.90920248,17.90920248,0,0.131
rastrigin,0.000955,1.0,0.65,4,2.0,10000,17.90920248,17.90920248,0,0.135
rastrigin,0.000955,1.0,0.75,4,2.0,10000,17.90920248,17.90920248,0,0.134
rastrigin,0.000955,1.0,0.85,4,2.0,10000,17.90920248,17.90920248,0,0.128
rastrigin,0.0013183,0.325,0.45,4,2.0,10000,17.90920248,17.90920248,0,0.132
rastrigin,0.0013183,0.325,0.55,4,2.0,10000,17.90920248,17.90920248,0,0.147
rastrigin,0.0013183,0.325,0.65,4,2.0,10000,17.90920248,17.90920248,0,0.616
rastrigin,0.0013183,0.325,0.75,4,2.0,10000,17.90920248,17.90920248,0,0.515
rastrigin,0.0013183,0.325,0.85,4,2.0,10000,17.90920248,17.90920248,0,0.607
rastrigin,0.0013183,0.46,0.45,4,2.0,10000,17.90920248,17.90920248,0,0.581
rastrigin,0.0013183,0.46,0.55,4,2.0,10000,17.90920248,17.90920248,0,0.634
rastrigin,0.0013183,0.46,0.65,4,2.0,10000,17.90920248,17.90920248,0,0.548
rastrigin,0.0013183,0.46,0.75,4,2.0,10000,17.90920248,17.90920248,0,0.671
rastrigin,0.0013183,0.46,0.85,4,2.0,10000,17.90920248,17.90920248,0,0.532
rastrigin,0.0013183,0.595,0.45,4,2.0,10000,17.90920248,17.90920248,0,0.598
rastrigin,0.0013183,0.595,0.55,4,2.0,10000,17.90920248,17.90920248,0,0.653
rastrigin,0.0013183,0.595,0.65,4,2.0,10000,17.90920248,17.90920248,0,0.661
rastrigin,0.0013183,0.595,0.75,4,2.0,10000,17.90920248,17.90920248,0,0.633
rastrigin,0.0013183,0.595,0.85,4,2.0,10000,17.90920248,17.90920248,0,0.698
rastrigin,0.0013183,0.73,0.45,4,2.0,10000,17.90920248,17.90920248,0,0.599
rastrigin,0.0013183,0.73,0.55,4,2.0,10000,17.90920248,17.90920248,0,0.665
rastrigin,0.0013183,0.73,0.65,4,2.0,10000,17.90920248,17.90920248,0,0.637
rastrigin,0.0013183,0.73,0.75,4,2.0,10000,17.90920248,17.90920248,0,0.534
rastrigin,0.0013183,0.73,0.85,4,2.0,10000,17.90920248,17.90920248,0,0.705
rastrigin,0.0013183,0.865,0.45,4,2.0,10000,17.90920248,17.90920248,0,0.794
rastrigin,0.0013183,0.865,0.55,4,2.0,10000,17.90920248,17.90920248,0,0.817
rastrigin,0.0013183,0.865,0.65,4,2.0,10000,17.90920248,17.90920248,0,0.731
rastrigin,0.0013183,0.865,0.75,4,2.0,10000,17.90920248,17.90920248,0,0.88
rastrigin,0.0013183,0.865,0.85,4,2.0,10000,17.90920248,17.90920248,0,0.606
rastrigin,0.0013183,1.0,0.45,4,2.0,10000,17.90920248,17.90920248,0,0.493
rastrigin,0.0013183,1.0,0.55,4,2.0,10000,17.90920248,17.90920248,0,0.515
rastrigin,0.0013183,1.0,0.65,4,2.0,10000,17.90920248,17.90920248,0,0.553
rastrigin,0.0013183,1.0,0.75,4,2.0,10000,17.90920248,17.90920248,0,0.489
rastrigin,0.0013183,1.0,0.85,4,2.0,10000,17.90920248,17.90920248,0,0.319
rastrigin,0.0018197,0.325,0.45,4,2.0,10000,17.90920248,17.90920248,0,0.474
rastrigin,0.0018197,0.325,0.55,4,2.0,10000,17.90920248,17.90920248,0,0.436
rastrigin,0.0018197,0.325,0.65,4,2.0,10000,17.90920248,17.90920248,0,0.522
rastrigin,0.0018197,0.325,0.75,4,2.0,10000,17.90920248,17.90920248,0,0.542
rastrigin,0.0018197,0.325,0.85,4,2.0,10000,17.90920248,17.90920248,0,0.501
rastrigin,0.0018197,0.46,0.45,4,2.0,10000,17.90920248,17.90920248,0,0.413
rastrigin,0.0018197,0.46,0.55,4,2.0,10000,17.90920248,17.90920248,0,0.505
rastrigin,0.0018197,0.46,0.65,4,2.0,10000,17.90920248,17.90920248,0,0.615
rastrigin,0.0018197,0.46,0.75,4,2.0,10000,17.90920248,17.90920248,0,0.483
rastrigin,0.0018197,0.46,0.85,4,2.0,10000,17.90920248,17.90920248,0,0.552
rastrigin,0.0018197,0.595,0.45,4,2.0,10000,17.90920248,17.90920248,0,0.401
rastrigin,0.0018197,0.595,0.55,4,2.0,10000,17.90920248,17.90920248,0,0.523
rastrigin,0.0018197,0.595,0.65,4,2.0,10000,17.90920248,17.90920248,0,0.519
rastrigin,0.0018197,0.595,0.75,4,2.0,10000,17.90920248,17.90920248,0,0.586
rastrigin,0.0018197,0.595,0.85,4,2.0,10000,17.90920248,17.90920248,0,0.588
rastrigin,0.0018197,0.73,0.45,4,2.0,10000,17.90920248,17.90920248,0,0.895
rastrigin,0.0018197,0.73,0.55,4,2.0,10000,17.90920248,17.90920248,0,0.714
rastrigin,0.0018197,0.73,0.65,4,2.0,10000,17.90920248,17.90920248,0,0.538
rastrigin,0.0018197,0.73,0.75,4,2.0,10000,17.90920248,17.90920248,0,0.459
rastrigin,0.0018197,0.73,0.85,4,2.0,10000,17.90920248,17.90920248,0,0.522
rastrigin,0.0018197,0.865,0.45,4,2.0,10000,17.90920248,17.90920248,0,0.724
rastrigin,0.0018197,0.865,0.55,4,2.0,10000,17.90920248,17.90920248,0,0.629
rastrigin,0.0018197,0.865,0.65,4,2.0,10000,17.90920248,17.90920248,0,0.724
rastrigin,0.0018197,0.865,0.75,4,2.0,10000,17.90920248,17.90920248,0,0.792
rastrigin,0.0018197,0.865,0.85,4,2.0,10000,17.90920248,17.90920248,0,0.732
rastrigin,0.0018197,1.0,0.45,4,2.0,10000,17.90920248,17.90920248,0,0.681
rastrigin,0.0018197,1.0,0.55,4,2.0,10000,17.90920248,17.90920248,0,0.654
rastrigin,0.0018197,1.0,0.65,4,2.0,10000,17.90920248,17.90920248,0,0.754
rastrigin,0.0018197,1.0,0.75,4,2.0,10000,17.90920248,17.90920248,0,0.655
rastrigin,0.0018197,1.0,0.85,4,2.0,10000,17.90920248,17.90920248,0,0.826
rastrigin,0.0025119,0.325,0.45,4,2.0,10000,17.90920248,17.90920248,0,0.749
rastrigin,0.0025119,0.325,0.55,4,2.0,10000,17.90920248,17.90920248,0,0.791
rastrigin,0.0025119,0.325,0.65,4,2.0,10000,17.90920248,17.90920248,0,0.709
rastrigin,0.0025119,0.325,0.75,4,2.0,10000,17.90920248,17.90920248,0,0.702
rastrigin,0.0025119,0.325,0.85,4,2.0,10000,17.90920248,17.90920248,0,0.758
rastrigin,0.0025119,0.46,0.45,4,2.0,10000,17.90920248,17.90920248,0,0.857
rastrigin,0.0025119,0.46,0.55,4,2.0,10000,17.90920248,17.90920248,0,0.84
rastrigin,0.0025119,0.46,0.65,4,2.0,10000,17.90920248,17.90920248,0,0.745
rastrigin,0.0025119,0.46,0.75,4,2.0,10000,17.90920248,17.90920248,0,0.746
rastrigin,0.0025119,0.46,0.85,4,2.0,10000,17.90920248,17.90920248,0,0.831
rastrigin,0.0025119,0.595,0.45,4,2.0,10000,17.90920248,17.90920248,0,0.676
rastrigin,0.0025119,0.595,0.55,4,2.0,10000,17.90920248,17.90920248,0,0.667
rastrigin,0.0025119,0.595,0.65,4,2.0,10000,17.90920248,17.90920248,0,0.678
rastrigin,0.0025119,0.595,0.75,4,2.0,10000,17.90920248,17.90920248,0,0.727
rastrigin,0.0025119,0.595,0.85,4,2.0,10000,17.90920248,17.90920248,0,0.649
rastrigin,0.0025119,0.73,0.45,4,2.0,10000,17.90920248,17.90920248,0,0.789
rastrigin,0.0025119,0.73,0.55,4,2.0,10000,17.90920248,17.90920248,0,0.789
rastrigin,0.0025119,0.73,0.65,4,2.0,10000,17.90920248,17.90920248,0,0.693
rastrigin,0.0025119,0.73,0.75,4,2.0,10000,17.90920248,17.90920248,0,0.829
rastrigin,0.0025119,0.73,0.85,4,2.0,10000,17.90920248,17.90920248,0,0.784
rastrigin,0.0025119,0.865,0.45,4,2.0,10000,17.90920248,17.90920248,0,0.794
rastrigin,0.0025119,0.865,0.55,4,2.0,10000,17.90920248,17.90920248,0,0.781
rastrigin,0.0025119,0.865,0.65,4,2.0,10000,17.90920248,17.90920248,0,0.698
rastrigin,0.0025119,0.865,0.75,4,2.0,10000,17.90920248,17.90920248,0,0.808
rastrigin,0.0025119,0.865,0.85,4,2.0,10000,17.90920248,17.90920248,0,0.801
rastrigin,0.0025119,1.0,0.45,4,2.0,10000,17.90920248,17.90920248,0,0.786
rastrigin,0.0025119,1.0,0.55,4,2.0,10000,17.90920248,17.90920248,0,0.708
rastrigin,0.0025119,1.0,0.65,4,2.0,10000,17.90920248,17.90920248,0,0.757
rastrigin,0.0025119,1.0,0.75,4,2.0,10000,17.90920248,17.90920248,0,0.928
rastrigin,0.0025119,1.0,0.85,4,2.0,10000,17.90920248,17.90920248,0,0.733
himmelblau,0.0005012,0.325,0.45,4,2.0,10000,0.0,0.0,1,1.032
himmelblau,0.0005012,0.325,0.55,4,2.0,10000,0.0,0.0,1,0.865
himmelblau,0.0005012,0.325,0.65,4,2.0,10000,0.0,0.0,1,0.912
himmelblau,0.0005012,0.325,0.75,4,2.0,10000,0.0,0.0,1,0.682
himmelblau,0.0005012,0.325,0.85,4,2.0,10000,0.0,0.0,1,0.644
himmelblau,0.0005012,0.46,0.45,4,2.0,10000,0.0,0.0,1,0.612
himmelblau,0.0005012,0.46,0.55,4,2.0,10000,0.0,0.0,1,0.742
himmelblau,0.0005012,0.46,0.65,4,2.0,10000,0.0,0.0,1,0.725
himmelblau,0.0005012,0.46,0.75,4,2.0,10000,0.0,0.0,1,0.761
himmelblau,0.0005012,0.46,0.85,4,2.0,10000,0.0,0.0,1,0.682
himmelblau,0.0005012,0.595,0.45,4,2.0,10000,0.0,0.0,1,0.769
himmelblau,0.0005012,0.595,0.55,4,2.0,10000,0.0,0.0,1,0.838
himmelblau,0.0005012,0.595,0.65,4,2.0,10000,0.0,0.0,1,0.603
himmelblau,0.0005012,0.595,0.75,4,2.0,10000,0.0,0.0,1,0.811
himmelblau,0.0005012,0.595,0.85,4,2.0,10000,0.0,0.0,1,0.844
himmelblau,0.0005012,0.73,0.45,4,2.0,10000,0.0,0.0,1,0.849
himmelblau,0.0005012,0.73,0.55,4,2.0,10000,0.0,0.0,1,0.771
himmelblau,0.0005012,0.73,0.65,4,2.0,10000,0.0,0.0,1,0.726
himmelblau,0.0005012,0.73,0.75,4,2.0,10000,0.0,0.0,1,0.73
himmelblau,0.0005012,0.73,0.85,4,2.0,10000,0.0,0.0,1,0.9
himmelblau,0.0005012,0.865,0.45,4,2.0,10000,0.0,0.0,1,0.784
himmelblau,0.0005012,0.865,0.55,4,2.0,10000,0.0,0.0,1,0.814
himmelblau,0.0005012,0.865,0.65,4,2.0,10000,0.0,0.0,1,0.877
himmelblau,0.0005012,0.865,0.75,4,2.0,10000,0.0,0.0,1,0.735
himmelblau,0.0005012,0.865,0.85,4,2.0,10000,0.0,0.0,1,0.714
himmelblau,0.0005012,1.0,0.45,4,2.0,10000,0.0,0.0,1,0.743
himmelblau,0.0005012,1.0,0.55,4,2.0,10000,0.0,0.0,1,0.837
himmelblau,0.0005012,1.0,0.65,4,2.0,10000,0.0,0.0,1,0.613
himmelblau,0.0005012,1.0,0.75,4,2.0,10000,0.0,0.0,1,0.697
himmelblau,0.0005012,1.0,0.85,4,2.0,10000,0.0,0.0,1,0.748
himmelblau,0.0006918,0.325,0.45,4,2.0,10000,0.0,0.0,1,0.826
himmelblau,0.0006918,0.325,0.55,4,2.0,10000,0.0,0.0,1,0.821
himmelblau,0.0006918,0.325,0.65,4,2.0,10000,0.0,0.0,1,0.842
himmelblau,0.0006918,0.325,0.75,4,2.0,10000,0.0,0.0,1,0.656
himmelblau,0.0006918,0.325,0.85,4,2.0,10000,0.0,0.0,1,0.788
himmelblau,0.0006918,0.46,0.45,4,2.0,10000,0.0,0.0,1,0.793
himmelblau,0.0006918,0.46,0.55,4,2.0,10000,0.0,0.0,1,0.762
himmelblau,0.0006918,0.46,0.65,4,2.0,10000,0.0,0.0,1,0.734
himmelblau,0.0006918,0.46,0.75,4,2.0,10000,0.0,0.0,1,0.674
himmelblau,0.0006918,0.46,0.85,4,2.0,10000,0.0,0.0,1,0.595
himmelblau,0.0006918,0.595,0.45,4,2.0,10000,0.0,0.0,1,0.65
himmelblau,0.0006918,0.595,0.55,4,2.0,10000,0.0,0.0,1,0.695
himmelblau,0.0006918,0.595,0.65,4,2.0,10000,0.0,0.0,1,0.735
himmelblau,0.0006918,0.595,0.75,4,2.0,10000,0.0,0.0,1,0.705
himmelblau,0.0006918,0.595,0.85,4,2.0,10000,0.0,0.0,1,0.688
himmelblau,0.0006918,0.73,0.45,4,2.0,10000,0.0,0.0,1,0.606
himmelblau,0.0006918,0.73,0.55,4,2.0,10000,0.0,0.0,1,0.58
himmelblau,0.0006918,0.73,0.65,4,2.0,10000,0.0,0.0,1,0.552
himmelblau,0.0006918,0.73,0.75,4,2.0,10000,0.0,0.0,1,0.56
himmelblau,0.0006918,0.73,0.85,4,2.0,10000,0.0,0.0,1,0.624
himmelblau,0.0006918,0.865,0.45,4,2.0,10000,0.0,0.0,1,0.595
himmelblau,0.0006918,0.865,0.55,4,2.0,10000,0.0,0.0,1,0.604
himmelblau,0.0006918,0.865,0.65,4,2.0,10000,0.0,0.0,1,0.601
himmelblau,0.0006918,0.865,0.75,4,2.0,10000,0.0,0.0,1,0.638
himmelblau,0.0006918,0.865,0.85,4,2.0,10000,0.0,0.0,1,0.797
himmelblau,0.0006918,1.0,0.45,4,2.0,10000,0.0,0.0,1,0.593
himmelblau,0.0006918,1.0,0.55,4,2.0,10000,0.0,0.0,1,0.545
himmelblau,0.0006918,1.0,0.65,4,2.0,10000,0.0,0.0,1,0.607
himmelblau,0.0006918,1.0,0.75,4,2.0,10000,0.0,0.0,1,0.631
himmelblau,0.0006918,1.0,0.85,4,2.0,10000,0.0,0.0,1,0.627
himmelblau,0.000955,0.325,0.45,4,2.0,10000,0.0,0.0,1,0.655
himmelblau,0.000955,0.325,0.55,4,2.0,10000,0.0,0.0,1,0.714
himmelblau,0.000955,0.325,0.65,4,2.0,10000,0.0,0.0,1,0.62
himmelblau,0.000955,0.325,0.75,4,2.0,10000,0.0,0.0,1,0.659
himmelblau,0.000955,0.325,0.85,4,2.0,10000,0.0,0.0,1,0.609
himmelblau,0.000955,0.46,0.45,4,2.0,10000,0.0,0.0,1,0.687
himmelblau,0.000955,0.46,0.55,4,2.0,10000,0.0,0.0,1,0.641
himmelblau,0.000955,0.46,0.65,4,2.0,10000,0.0,0.0,1,0.656
himmelblau,0.000955,0.46,0.75,4,2.0,10000,0.0,0.0,1,0.646
himmelblau,0.000955,0.46,0.85,4,2.0,10000,0.0,0.0,1,0.427
himmelblau,0.000955,0.595,0.45,4,2.0,10000,0.0,0.0,1,0.602
himmelblau,0.000955,0.595,0.55,4,2.0,10000,0.0,0.0,1,0.62
himmelblau,0.000955,0.595,0.65,4,2.0,10000,0.0,0.0,1,0.665
himmelblau,0.000955,0.595,0.75,4,2.0,10000,0.0,0.0,1,0.625
himmelblau,0.000955,0.595,0.85,4,2.0,10000,0.0,0.0,1,0.612
himmelblau,0.000955,0.73,0.45,4,2.0,10000,0.0,0.0,1,0.659
himmelblau,0.000955,0.73,0.55,4,2.0,10000,0.0,0.0,1,0.648
himmelblau,0.000955,0.73,0.65,4,2.0,10000,0.0,0.0,1,0.583
himmelblau,0.000955,0.73,0.75,4,2.0,10000,0.0,0.0,1,0.618
himmelblau,0.000955,0.73,0.85,4,2.0,10000,0.0,0.0,1,0.641
himmelblau,0.000955,0.865,0.45,4,2.0,10000,0.0,0.0,1,0.75
himmelblau,0.000955,0.865,0.55,4,2.0,10000,0.0,0.0,1,0.652
himmelblau,0.000955,0.865,0.65,4,2.0,10000,0.0,0.0,1,0.629
himmelblau,0.000955,0.865,0.75,4,2.0,10000,0.0,0.0,1,0.671
himmelblau,0.000955,0.865,0.85,4,2.0,10000,0.0,0.0,1,0.595
himmelblau,0.000955,1.0,0.45,4,2.0,10000,0.0,0.0,1,0.618
himmelblau,0.000955,1.0,0.55,4,2.0,10000,0.0,0.0,1,0.622
himmelblau,0.000955,1.0,0.65,4,2.0,10000,0.0,0.0,1,0.601
himmelblau,0.000955,1.0,0.75,4,2.0,10000,0.0,0.0,1,0.68
himmelblau,0.000955,1.0,0.85,4,2.0,10000,0.0,0.0,1,0.602
himmelblau,0.0013183,0.325,0.45,4,2.0,10000,0.0,0.0,1,0.651
himmelblau,0.0013183,0.325,0.55,4,2.0,10000,0.0,0.0,1,0.665
himmelblau,0.0013183,0.325,0.65,4,2.0,10000,0.0,0.0,1,0.565
himmelblau,0.0013183,0.325,0.75,4,2.0,10000,0.0,0.0,1,0.619
himmelblau,0.0013183,0.325,0.85,4,2.0,10000,0.0,0.0,1,0.649
himmelblau,0.0013183,0.46,0.45,4,2.0,10000,0.0,0.0,1,0.611
himmelblau,0.0013183,0.46,0.55,4,2.0,10000,0.0,0.0,1,0.678
himmelblau,0.0013183,0.46,0.65,4,2.0,10000,0.0,0.0,1,0.687
himmelblau,0.0013183,0.46,0.75,4,2.0,10000,0.0,0.0,1,0.362
himmelblau,0.0013183,0.46,0.85,4,2.0,10000,0.0,0.0,1,0.149
himmelblau,0.0013183,0.595,0.45,4,2.0,10000,0.0,0.0,1,0.147
himmelblau,0.0013183,0.595,0.55,4,2.0,10000,0.0,0.0,1,0.145
himmelblau,0.0013183,0.595,0.65,4,2.0,10000,0.0,0.0,1,0.15
himmelblau,0.0013183,0.595,0.75,4,2.0,10000,0.0,0.0,1,0.148
himmelblau,0.0013183,0.595,0.85,4,2.0,10000,0.0,0.0,1,0.146
himmelblau,0.0013183,0.73,0.45,4,2.0,10000,0.0,0.0,1,0.147
himmelblau,0.0013183,0.73,0.55,4,2.0,10000,0.0,0.0,1,0.146
himmelblau,0.0013183,0.73,0.65,4,2.0,10000,0.0,0.0,1,0.143
himmelblau,0.0013183,0.73,0.75,4,2.0,10000,0.0,0.0,1,0.145
himmelblau,0.0013183,0.73,0.85,4,2.0,10000,0.0,0.0,1,0.146
himmelblau,0.0013183,0.865,0.45,4,2.0,10000,0.0,0.0,1,0.147
himmelblau,0.0013183,0.865,0.55,4,2.0,10000,0.0,0.0,1,0.145
himmelblau,0.0013183,0.865,0.65,4,2.0,10000,0.0,0.0,1,0.146
himmelblau,0.0013183,0.865,0.75,4,2.0,10000,0.0,0.0,1,0.146
himmelblau,0.0013183,0.865,0.85,4,2.0,10000,0.0,0.0,1,0.147
himmelblau,0.0013183,1.0,0.45,4,2.0,10000,0.0,0.0,1,0.149
himmelblau,0.0013183,1.0,0.55,4,2.0,10000,0.0,0.0,1,0.148
himmelblau,0.0013183,1.0,0.65,4,2.0,10000,0.0,0.0,1,0.145
himmelblau,0.0013183,1.0,0.75,4,2.0,10000,0.0,0.0,1,0.149
himmelblau,0.0013183,1.0,0.85,4,2.0,10000,0.0,0.0,1,0.147
himmelblau,0.0018197,0.325,0.45,4,2.0,10000,0.0,0.0,1,0.148
himmelblau,0.0018197,0.325,0.55,4,2.0,10000,0.0,0.0,1,0.148
himmelblau,0.0018197,0.325,0.65,4,2.0,10000,0.0,0.0,1,0.15
himmelblau,0.0018197,0.325,0.75,4,2.0,10000,0.0,0.0,1,0.149
himmelblau,0.0018197,0.325,0.85,4,2.0,10000,0.0,0.0,1,0.147
himmelblau,0.0018197,0.46,0.45,4,2.0,10000,0.0,0.0,1,0.145
himmelblau,0.0018197,0.46,0.55,4,2.0,10000,0.0,0.0,1,0.149
himmelblau,0.0018197,0.46,0.65,4,2.0,10000,0.0,0.0,1,0.146
himmelblau,0.0018197,0.46,0.75,4,2.0,10000,0.0,0.0,1,0.147
himmelblau,0.0018197,0.46,0.85,4,2.0,10000,0.0,0.0,1,0.148
himmelblau,0.0018197,0.595,0.45,4,2.0,10000,0.0,0.0,1,0.149
himmelblau,0.0018197,0.595,0.55,4,2.0,10000,0.0,0.0,1,0.149
himmelblau,0.0018197,0.595,0.65,4,2.0,10000,0.0,0.0,1,0.149
himmelblau,0.0018197,0.595,0.75,4,2.0,10000,0.0,0.0,1,0.148
himmelblau,0.0018197,0.595,0.85,4,2.0,10000,0.0,0.0,1,0.147
himmelblau,0.0018197,0.73,0.45,4,2.0,10000,0.0,0.0,1,0.147
himmelblau,0.0018197,0.73,0.55,4,2.0,10000,0.0,0.0,1,0.151
himmelblau,0.0018197,0.73,0.65,4,2.0,10000,0.0,0.0,1,0.151
himmelblau,0.0018197,0.73,0.75,4,2.0,10000,0.0,0.0,1,0.152
himmelblau,0.0018197,0.73,0.85,4,2.0,10000,0.0,0.0,1,0.149
himmelblau,0.0018197,0.865,0.45,4,2.0,10000,0.0,0.0,1,0.151
himmelblau,0.0018197,0.865,0.55,4,2.0,10000,0.0,0.0,1,0.147
himmelblau,0.0018197,0.865,0.65,4,2.0,10000,0.0,0.0,1,0.15
himmelblau,0.0018197,0.865,0.75,4,2.0,10000,0.0,0.0,1,0.147
himmelblau,0.0018197,0.865,0.85,4,2.0,10000,0.0,0.0,1,0.149
himmelblau,0.0018197,1.0,0.45,4,2.0,10000,0.0,0.0,1,0.148
himmelblau,0.0018197,1.0,0.55,4,2.0,10000,0.0,0.0,1,0.149
himmelblau,0.0018197,1.0,0.65,4,2.0,10000,0.0,0.0,1,0.149
himmelblau,0.0018197,1.0,0.75,4,2.0,10000,0.0,0.0,1,0.149
himmelblau,0.0018197,1.0,0.85,4,2.0,10000,0.0,0.0,1,0.148
himmelblau,0.0025119,0.325,0.45,4,2.0,10000,0.0,0.0,1,0.155
himmelblau,0.0025119,0.325,0.55,4,2.0,10000,0.0,0.0,1,0.15
himmelblau,0.0025119,0.325,0.65,4,2.0,10000,0.0,0.0,1,0.152
himmelblau,0.0025119,0.325,0.75,4,2.0,10000,0.0,0.0,1,0.152
himmelblau,0.0025119,0.325,0.85,4,2.0,10000,0.0,0.0,1,0.153
himmelblau,0.0025119,0.46,0.45,4,2.0,10000,0.0,0.0,1,0.151
himmelblau,0.0025119,0.46,0.55,4,2.0,10000,0.0,0.0,1,0.153
himmelblau,0.0025119,0.46,0.65,4,2.0,10000,0.0,0.0,1,0.153
himmelblau,0.0025119,0.46,0.75,4,2.0,10000,0.0,0.0,1,0.15
himmelblau,0.0025119,0.46,0.85,4,2.0,10000,0.0,0.0,1,0.148
himmelblau,0.0025119,0.595,0.45,4,2.0,10000,0.0,0.0,1,0.151
himmelblau,0.0025119,0.595,0.55,4,2.0,10000,0.0,0.0,1,0.155
himmelblau,0.0025119,0.595,0.65,4,2.0,10000,0.0,0.0,1,0.149
himmelblau,0.0025119,0.595,0.75,4,2.0,10000,0.0,0.0,1,0.153
himmelblau,0.0025119,0.595,0.85,4,2.0,10000,0.0,0.0,1,0.149
himmelblau,0.0025119,0.73,0.45,4,2.0,10000,0.0,0.0,1,0.156
himmelblau,0.0025119,0.73,0.55,4,2.0,10000,0.0,0.0,1,0.154
himmelblau,0.0025119,0.73,0.65,4,2.0,10000,0.0,0.0,1,0.152
himmelblau,0.0025119,0.73,0.75,4,2.0,10000,0.0,0.0,1,0.156
himmelblau,0.0025119,0.73,0.85,4,2.0,10000,0.0,0.0,1,0.152
himmelblau,0.0025119,0.865,0.45,4,2.0,10000,0.0,0.0,1,0.155
himmelblau,0.0025119,0.865,0.55,4,2.0,10000,0.0,0.0,1,0.155
himmelblau,0.0025119,0.865,0.65,4,2.0,10000,0.0,0.0,1,0.151
himmelblau,0.0025119,0.865,0.75,4,2.0,10000,0.0,0.0,1,0.153
himmelblau,0.0025119,0.865,0.85,4,2.0,10000,0.0,0.0,1,0.156
himmelblau,0.0025119,1.0,0.45,4,2.0,10000,0.0,0.0,1,0.154
himmelblau,0.0025119,1.0,0.55,4,2.0,10000,0.0,0.0,1,0.155
himmelblau,0.0025119,1.0,0.65,4,2.0,10000,0.0,0.0,1,0.154
himmelblau,0.0025119,1.0,0.75,4,2.0,10000,0.0,0.0,1,0.155
himmelblau,0.0025119,1.0,0.85,4,2.0,10000,0.0,0.0,1,0.159
styblinski_tang,0.0005012,0.325,0.45,4,2.0,10000,29.94110669,29.94110669,0,0.076
styblinski_tang,0.0005012,0.325,0.55,4,2.0,10000,29.94110669,29.94110669,0,0.082
styblinski_tang,0.0005012,0.325,0.65,4,2.0,10000,29.94110669,29.94110669,0,0.074
styblinski_tang,0.0005012,0.325,0.75,4,2.0,10000,29.94110669,29.94110669,0,0.074
styblinski_tang,0.0005012,0.325,0.85,4,2.0,10000,29.94110669,29.94110669,0,0.074
styblinski_tang,0.0005012,0.46,0.45,4,2.0,10000,29.94110669,29.94110669,0,0.075
styblinski_tang,0.0005012,0.46,0.55,4,2.0,10000,29.94110669,29.94110669,0,0.075
styblinski_tang,0.0005012,0.46,0.65,4,2.0,10000,29.94110669,29.94110669,0,0.074
styblinski_tang,0.0005012,0.46,0.75,4,2.0,10000,29.94110669,29.94110669,0,0.073
styblinski_tang,0.0005012,0.46,0.85,4,2.0,10000,29.94110669,29.94110669,0,0.074
styblinski_tang,0.0005012,0.595,0.45,4,2.0,10000,29.94110669,29.94110669,0,0.073
styblinski_tang,0.0005012,0.595,0.55,4,2.0,10000,29.94110669,29.94110669,0,0.076
styblinski_tang,0.0005012,0.595,0.65,4,2.0,10000,29.94110669,29.94110669,0,0.075
styblinski_tang,0.0005012,0.595,0.75,4,2.0,10000,29.94110669,29.94110669,0,0.076
styblinski_tang,0.0005012,0.595,0.85,4,2.0,10000,29.94110669,29.94110669,0,0.077
styblinski_tang,0.0005012,0.73,0.45,4,2.0,10000,29.94110669,29.94110669,0,0.074
styblinski_tang,0.0005012,0.73,0.55,4,2.0,10000,29.94110669,29.94110669,0,0.075
styblinski_tang,0.0005012,0.73,0.65,4,2.0,10000,29.94110669,29.94110669,0,0.079
styblinski_tang,0.0005012,0.73,0.75,4,2.0,10000,29.94110669,29.94110669,0,0.074
styblinski_tang,0.0005012,0.73,0.85,4,2.0,10000,29.94110669,29.94110669,0,0.077
styblinski_tang,0.0005012,0.865,0.45,4,2.0,10000,29.94110669,29.94110669,0,0.074
styblinski_tang,0.0005012,0.865,0.55,4,2.0,10000,29.94110669,29.94110669,0,0.076
styblinski_tang,0.0005012,0.865,0.65,4,2.0,10000,29.94110669,29.94110669,0,0.074
styblinski_tang,0.0005012,0.865,0.75,4,2.0,10000,29.94110669,29.94110669,0,0.077
styblinski_tang,0.0005012,0.865,0.85,4,2.0,10000,29.94110669,29.94110669,0,0.076
styblinski_tang,0.0005012,1.0,0.45,4,2.0,10000,29.94110669,29.94110669,0,0.075
styblinski_tang,0.0005012,1.0,0.55,4,2.0,10000,29.94110669,29.94110669,0,0.077
styblinski_tang,0.0005012,1.0,0.65,4,2.0,10000,29.94110669,29.94110669,0,0.074
styblinski_tang,0.0005012,1.0,0.75,4,2.0,10000,29.94110669,29.94110669,0,0.075
styblinski_tang,0.0005012,1.0,0.85,4,2.0,10000,29.94110669,29.94110669,0,0.074
styblinski_tang,0.0006918,0.325,0.45,4,2.0,10000,29.94110669,29.94110669,0,0.074
styblinski_tang,0.0006918,0.325,0.55,4,2.0,10000,29.94110669,29.94110669,0,0.08
styblinski_tang,0.0006918,0.325,0.65,4,2.0,10000,29.94110669,29.94110669,0,0.075
styblinski_tang,0.0006918,0.325,0.75,4,2.0,10000,29.94110669,29.94110669,0,0.074
styblinski_tang,0.0006918,0.325,0.85,4,2.0,10000,29.94110669,29.94110669,0,0.074
styblinski_tang,0.0006918,0.46,0.45,4,2.0,10000,29.94110669,29.94110669,0,0.074
styblinski_tang,0.0006918,0.46,0.55,4,2.0,10000,29.94110669,29.94110669,0,0.074
styblinski_tang,0.0006918,0.46,0.65,4,2.0,10000,29.94110669,29.94110669,0,0.074
styblinski_tang,0.0006918,0.46,0.75,4,2.0,10000,29.94110669,29.94110669,0,0.078
styblinski_tang,0.0006918,0.46,0.85,4,2.0,10000,29.94110669,29.94110669,0,0.074
styblinski_tang,0.0006918,0.595,0.45,4,2.0,10000,29.94110669,29.94110669,0,0.074
styblinski_tang,0.0006918,0.595,0.55,4,2.0,10000,29.94110669,29.94110669,0,0.075
styblinski_tang,0.0006918,0.595,0.65,4,2.0,10000,29.94110669,29.94110669,0,0.075
styblinski_tang,0.0006918,0.595,0.75,4,2.0,10000,29.94110669,29.94110669,0,0.074
styblinski_tang,0.0006918,0.595,0.85,4,2.0,10000,29.94110669,29.94110669,0,0.076
styblinski_tang,0.0006918,0.73,0.45,4,2.0,10000,29.94110669,29.94110669,0,0.076
styblinski_tang,0.0006918,0.73,0.55,4,2.0,10000,29.94110669,29.94110669,0,0.075
styblinski_tang,0.0006918,0.73,0.65,4,2.0,10000,29.94110669,29.94110669,0,0.076
styblinski_tang,0.0006918,0.73,0.75,4,2.0,10000,29.94110669,29.94110669,0,0.078
styblinski_tang,0.0006918,0.73,0.85,4,2.0,10000,29.94110669,29.94110669,0,0.074
styblinski_tang,0.0006918,0.865,0.45,4,2.0,10000,29.94110669,29.94110669,0,0.075
styblinski_tang,0.0006918,0.865,0.55,4,2.0,10000,29.94110669,29.94110669,0,0.078
styblinski_tang,0.0006918,0.865,0.65,4,2.0,10000,29.94110669,29.94110669,0,0.076
styblinski_tang,0.0006918,0.865,0.75,4,2.0,10000,29.94110669,29.94110669,0,0.081
styblinski_tang,0.0006918,0.865,0.85,4,2.0,10000,29.94110669,29.94110669,0,0.073
styblinski_tang,0.0006918,1.0,0.45,4,2.0,10000,29.94110669,29.94110669,0,0.074
styblinski_tang,0.0006918,1.0,0.55,4,2.0,10000,29.94110669,29.94110669,0,0.075
styblinski_tang,0.0006918,1.0,0.65,4,2.0,10000,29.94110669,29.94110669,0,0.073
styblinski_tang,0.0006918,1.0,0.75,4,2.0,10000,29.94110669,29.94110669,0,0.074
styblinski_tang,0.0006918,1.0,0.85,4,2.0,10000,29.94110669,29.94110669,0,0.077
styblinski_tang,0.000955,0.325,0.45,4,2.0,10000,29.94110669,29.94110669,0,0.078
styblinski_tang,0.000955,0.325,0.55,4,2.0,10000,29.94110669,29.94110669,0,0.076
styblinski_tang,0.000955,0.325,0.65,4,2.0,10000,29.94110669,29.94110669,0,0.075
styblinski_tang,0.000955,0.325,0.75,4,2.0,10000,29.94110669,29.94110669,0,0.075
styblinski_tang,0.000955,0.325,0.85,4,2.0,10000,29.94110669,29.94110669,0,0.076
styblinski_tang,0.000955,0.46,0.45,4,2.0,10000,29.94110669,29.94110669,0,0.076
styblinski_tang,0.000955,0.46,0.55,4,2.0,10000,29.94110669,29.94110669,0,0.075
styblinski_tang,0.000955,0.46,0.65,4,2.0,10000,29.94110669,29.94110669,0,0.074
styblinski_tang,0.000955,0.46,0.75,4,2.0,10000,29.94110669,29.94110669,0,0.078
styblinski_tang,0.000955,0.46,0.85,4,2.0,10000,29.94110669,29.94110669,0,0.076
styblinski_tang,0.000955,0.595,0.45,4,2.0,10000,29.94110669,29.94110669,0,0.084
styblinski_tang,0.000955,0.595,0.55,4,2.0,10000,29.94110669,29.94110669,0,0.074
styblinski_tang,0.000955,0.595,0.65,4,2.0,10000,29.94110669,29.94110669,0,0.074
styblinski_tang,0.000955,0.595,0.75,4,2.0,10000,29.94110669,29.94110669,0,0.076
styblinski_tang,0.000955,0.595,0.85,4,2.0,10000,29.94110669,29.94110669,0,0.075
styblinski_tang,0.000955,0.73,0.45,4,2.0,10000,29.94110669,29.94110669,0,0.075
styblinski_tang,0.000955,0.73,0.55,4,2.0,10000,29.94110669,29.94110669,0,0.076
styblinski_tang,0.000955,0.73,0.65,4,2.0,10000,29.94110669,29.94110669,0,0.082
styblinski_tang,0.000955,0.73,0.75,4,2.0,10000,29.94110669,29.94110669,0,0.076
styblinski_tang,0.000955,0.73,0.85,4,2.0,10000,29.94110669,29.94110669,0,0.075
styblinski_tang,0.000955,0.865,0.45,4,2.0,10000,29.94110669,29.94110669,0,0.076
styblinski_tang,0.000955,0.865,0.55,4,2.0,10000,29.94110669,29.94110669,0,0.076
styblinski_tang,0.000955,0.865,0.65,4,2.0,10000,29.94110669,29.94110669,0,0.077
styblinski_tang,0.000955,0.865,0.75,4,2.0,10000,29.94110669,29.94110669,0,0.076
styblinski_tang,0.000955,0.865,0.85,4,2.0,10000,29.94110669,29.94110669,0,0.075
styblinski_tang,0.000955,1.0,0.45,4,2.0,10000,29.94110669,29.94110669,0,0.076
styblinski_tang,0.000955,1.0,0.55,4,2.0,10000,29.94110669,29.94110669,0,0.076
styblinski_tang,0.000955,1.0,0.65,4,2.0,10000,29.94110669,29.94110669,0,0.08
styblinski_tang,0.000955,1.0,0.75,4,2.0,10000,29.94110669,29.94110669,0,0.075
styblinski_tang,0.000955,1.0,0.85,4,2.0,10000,29.94110669,29.94110669,0,0.076
styblinski_tang,0.0013183,0.325,0.45,4,2.0,10000,29.94110669,29.94110669,0,0.076
styblinski_tang,0.0013183,0.325,0.55,4,2.0,10000,29.94110669,29.94110669,0,0.077
styblinski_tang,0.0013183,0.325,0.65,4,2.0,10000,29.94110669,29.94110669,0,0.075
styblinski_tang,0.0013183,0.325,0.75,4,2.0,10000,29.94110669,29.94110669,0,0.074
styblinski_tang,0.0013183,0.325,0.85,4,2.0,10000,29.94110669,29.94110669,0,0.076
styblinski_tang,0.0013183,0.46,0.45,4,2.0,10000,29.94110669,29.94110669,0,0.077
styblinski_tang,0.0013183,0.46,0.55,4,2.0,10000,29.94110669,29.94110669,0,0.075
styblinski_tang,0.0013183,0.46,0.65,4,2.0,10000,29.94110669,29.94110669,0,0.077
styblinski_tang,0.0013183,0.46,0.75,4,2.0,10000,29.94110669,29.94110669,0,0.077
styblinski_tang,0.0013183,0.46,0.85,4,2.0,10000,29.94110669,29.94110669,0,0.076
styblinski_tang,0.0013183,0.595,0.45,4,2.0,10000,29.94110669,29.94110669,0,0.076
styblinski_tang,0.0013183,0.595,0.55,4,2.0,10000,29.94110669,29.94110669,0,0.076
styblinski_tang,0.0013183,0.595,0.65,4,2.0,10000,29.94110669,29.94110669,0,0.077
styblinski_tang,0.0013183,0.595,0.75,4,2.0,10000,29.94110669,29.94110669,0,0.077
styblinski_tang,0.0013183,0.595,0.85,4,2.0,10000,29.94110669,29.94110669,0,0.076
styblinski_tang,0.0013183,0.73,0.45,4,2.0,10000,29.94110669,29.94110669,0,0.075
styblinski_tang,0.0013183,0.73,0.55,4,2.0,10000,29.94110669,29.94110669,0,0.075
styblinski_tang,0.0013183,0.73,0.65,4,2.0,10000,29.94110669,29.94110669,0,0.076
styblinski_tang,0.0013183,0.73,0.75,4,2.0,10000,29.94110669,29.94110669,0,0.078
styblinski_tang,0.0013183,0.73,0.85,4,2.0,10000,29.94110669,29.94110669,0,0.075
styblinski_tang,0.0013183,0.865,0.45,4,2.0,10000,29.94110669,29.94110669,0,0.077
styblinski_tang,0.0013183,0.865,0.55,4,2.0,10000,29.94110669,29.94110669,0,0.082
styblinski_tang,0.0013183,0.865,0.65,4,2.0,10000,29.94110669,29.94110669,0,0.076
styblinski_tang,0.0013183,0.865,0.75,4,2.0,10000,29.94110669,29.94110669,0,0.077
styblinski_tang,0.0013183,0.865,0.85,4,2.0,10000,29.94110669,29.94110669,0,0.078
styblinski_tang,0.0013183,1.0,0.45,4,2.0,10000,29.94110669,29.94110669,0,0.077
styblinski_tang,0.0013183,1.0,0.55,4,2.0,10000,29.94110669,29.94110669,0,0.078
styblinski_tang,0.0013183,1.0,0.65,4,2.0,10000,29.94110669,29.94110669,0,0.077
styblinski_tang,0.0013183,1.0,0.75,4,2.0,10000,29.94110669,29.94110669,0,0.077
styblinski_tang,0.0013183,1.0,0.85,4,2.0,10000,29.94110669,29.94110669,0,0.077
styblinski_tang,0.0018197,0.325,0.45,4,2.0,10000,29.94110669,29.94110669,0,0.078
styblinski_tang,0.0018197,0.325,0.55,4,2.0,10000,29.94110669,29.94110669,0,0.077
styblinski_tang,0.0018197,0.325,0.65,4,2.0,10000,29.94110669,29.94110669,0,0.077
styblinski_tang,0.0018197,0.325,0.75,4,2.0,10000,29.94110669,29.94110669,0,0.076
styblinski_tang,0.0018197,0.325,0.85,4,2.0,10000,29.94110669,29.94110669,0,0.078
styblinski_tang,0.0018197,0.46,0.45,4,2.0,10000,29.94110669,29.94110669,0,0.077
styblinski_tang,0.0018197,0.46,0.55,4,2.0,10000,29.94110669,29.94110669,0,0.08
styblinski_tang,0.0018197,0.46,0.65,4,2.0,10000,29.94110669,29.94110669,0,0.077
styblinski_tang,0.0018197,0.46,0.75,4,2.0,10000,29.94110669,29.94110669,0,0.078
styblinski_tang,0.0018197,0.46,0.85,4,2.0,10000,29.94110669,29.94110669,0,0.076
styblinski_tang,0.0018197,0.595,0.45,4,2.0,10000,29.94110669,29.94110669,0,0.077
styblinski_tang,0.0018197,0.595,0.55,4,2.0,10000,29.94110669,29.94110669,0,0.077
styblinski_tang,0.0018197,0.595,0.65,4,2.0,10000,29.94110669,29.94110669,0,0.078
styblinski_tang,0.0018197,0.595,0.75,4,2.0,10000,29.94110669,29.94110669,0,0.076
styblinski_tang,0.0018197,0.595,0.85,4,2.0,10000,29.94110669,29.94110669,0,0.077
styblinski_tang,0.0018197,0.73,0.45,4,2.0,10000,29.94110669,29.94110669,0,0.078
styblinski_tang,0.0018197,0.73,0.55,4,2.0,10000,29.94110669,29.94110669,0,0.078
styblinski_tang,0.0018197,0.73,0.65,4,2.0,10000,29.94110669,29.94110669,0,0.076
styblinski_tang,0.0018197,0.73,0.75,4,2.0,10000,29.94110669,29.94110669,0,0.079
styblinski_tang,0.0018197,0.73,0.85,4,2.0,10000,29.94110669,29.94110669,0,0.079
styblinski_tang,0.0018197,0.865,0.45,4,2.0,10000,29.94110669,29.94110669,0,0.078
styblinski_tang,0.0018197,0.865,0.55,4,2.0,10000,29.94110669,29.94110669,0,0.078
styblinski_tang,0.0018197,0.865,0.65,4,2.0,10000,29.94110669,29.94110669,0,0.079
styblinski_tang,0.0018197,0.865,0.75,4,2.0,10000,29.94110669,29.94110669,0,0.074
styblinski_tang,0.0018197,0.865,0.85,4,2.0,10000,29.94110669,29.94110669,0,0.078
styblinski_tang,0.0018197,1.0,0.45,4,2.0,10000,29.94110669,29.94110669,0,0.076
styblinski_tang,0.0018197,1.0,0.55,4,2.0,10000,29.94110669,29.94110669,0,0.077
styblinski_tang,0.0018197,1.0,0.65,4,2.0,10000,29.94110669,29.94110669,0,0.078
styblinski_tang,0.0018197,1.0,0.75,4,2.0,10000,29.94110669,29.94110669,0,0.082
styblinski_tang,0.0018197,1.0,0.85,4,2.0,10000,29.94110669,29.94110669,0,0.358
styblinski_tang,0.0025119,0.325,0.45,4,2.0,10000,29.94110669,29.94110669,0,0.249
styblinski_tang,0.0025119,0.325,0.55,4,2.0,10000,29.94110669,29.94110669,0,0.296
styblinski_tang,0.0025119,0.325,0.65,4,2.0,10000,29.94110669,29.94110669,0,0.281
styblinski_tang,0.0025119,0.325,0.75,4,2.0,10000,29.94110669,29.94110669,0,0.284
styblinski_tang,0.0025119,0.325,0.85,4,2.0,10000,29.94110669,29.94110669,0,0.244
styblinski_tang,0.0025119,0.46,0.45,4,2.0,10000,29.94110669,29.94110669,0,0.317
styblinski_tang,0.0025119,0.46,0.55,4,2.0,10000,29.94110669,29.94110669,0,0.293
styblinski_tang,0.0025119,0.46,0.65,4,2.0,10000,29.94110669,29.94110669,0,0.292
styblinski_tang,0.0025119,0.46,0.75,4,2.0,10000,29.94110669,29.94110669,0,0.276
styblinski_tang,0.0025119,0.46,0.85,4,2.0,10000,29.94110669,29.94110669,0,0.239
styblinski_tang,0.0025119,0.595,0.45,4,2.0,10000,29.94110669,29.94110669,0,0.179
styblinski_tang,0.0025119,0.595,0.55,4,2.0,10000,29.94110669,29.94110669,0,0.195
styblinski_tang,0.0025119,0.595,0.65,4,2.0,10000,29.94110669,29.94110669,0,0.272
styblinski_tang,0.0025119,0.595,0.75,4,2.0,10000,29.94110669,29.94110669,0,0.308
styblinski_tang,0.0025119,0.595,0.85,4,2.0,10000,29.94110669,29.94110669,0,0.074
styblinski_tang,0.0025119,0.73,0.45,4,2.0,10000,29.94110669,29.94110669,0,0.076
styblinski_tang,0.0025119,0.73,0.55,4,2.0,10000,29.94110669,29.94110669,0,0.076
styblinski_tang,0.0025119,0.73,0.65,4,2.0,10000,29.94110669,29.94110669,0,0.077
styblinski_tang,0.0025119,0.73,0.75,4,2.0,10000,29.94110669,29.94110669,0,0.075
styblinski_tang,0.0025119,0.73,0.85,4,2.0,10000,29.94110669,29.94110669,0,0.076
styblinski_tang,0.0025119,0.865,0.45,4,2.0,10000,29.94110669,29.94110669,0,0.075
styblinski_tang,0.0025119,0.865,0.55,4,2.0,10000,29.94110669,29.94110669,0,0.075
styblinski_tang,0.0025119,0.865,0.65,4,2.0,10000,29.94110669,29.94110669,0,0.077
styblinski_tang,0.0025119,0.865,0.75,4,2.0,10000,29.94110669,29.94110669,0,0.076
styblinski_tang,0.0025119,0.865,0.85,4,2.0,10000,29.94110669,29.94110669,0,0.076
styblinski_tang,0.0025119,1.0,0.45,4,2.0,10000,29.94110669,29.94110669,0,0.078
styblinski_tang,0.0025119,1.0,0.55,4,2.0,10000,29.94110669,29.94110669,0,0.077
styblinski_tang,0.0025119,1.0,0.65,4,2.0,10000,29.94110669,29.94110669,0,0.078
styblinski_tang,0.0025119,1.0,0.75,4,2.0,10000,29.94110669,29.94110669,0,0.077
styblinski_tang,0.0025119,1.0,0.85,4,2.0,10000,29.94110669,29.94110669,0,0.075
ackley,0.0005012,0.325,0.45,4,2.0,10000,9.28164223,9.00302692,0,0.289
ackley,0.0005012,0.325,0.55,4,2.0,10000,9.28164223,9.00670979,0,0.29
ackley,0.0005012,0.325,0.65,4,2.0,10000,9.28164223,9.00820096,0,0.29
ackley,0.0005012,0.325,0.75,4,2.0,10000,9.28164223,9.01260615,0,0.286
ackley,0.0005012,0.325,0.85,4,2.0,10000,9.28164223,9.01147381,0,0.293
ackley,0.0005012,0.46,0.45,4,2.0,10000,9.00216422,9.00214032,0,0.292
ackley,0.0005012,0.46,0.55,4,2.0,10000,9.28164223,9.00343652,0,0.295
ackley,0.0005012,0.46,0.65,4,2.0,10000,9.28164223,9.00675339,0,0.296
ackley,0.0005012,0.46,0.75,4,2.0,10000,9.28164223,9.00914614,0,0.298
ackley,0.0005012,0.46,0.85,4,2.0,10000,9.28164223,9.01358936,0,0.293
ackley,0.0005012,0.595,0.45,4,2.0,10000,9.00216422,9.00216422,0,0.3
ackley,0.0005012,0.595,0.55,4,2.0,10000,9.28164223,9.00240273,0,0.29
ackley,0.0005012,0.595,0.65,4,2.0,10000,9.28164223,9.00452515,0,0.295
ackley,0.0005012,0.595,0.75,4,2.0,10000,9.28164223,9.00548921,0,0.297
ackley,0.0005012,0.595,0.85,4,2.0,10000,9.28164223,9.0106239,0,0.291
ackley,0.0005012,0.73,0.45,4,2.0,10000,9.00216422,9.00210052,0,0.294
ackley,0.0005012,0.73,0.55,4,2.0,10000,9.00216422,9.00216422,0,0.295
ackley,0.0005012,0.73,0.65,4,2.0,10000,9.28164223,9.00281195,0,0.297
ackley,0.0005012,0.73,0.75,4,2.0,10000,9.28164223,9.00393884,0,0.297
ackley,0.0005012,0.73,0.85,4,2.0,10000,9.28164223,9.00577082,0,0.296
ackley,0.0005012,0.865,0.45,4,2.0,10000,9.00790847,9.00200143,0,0.291
ackley,0.0005012,0.865,0.55,4,2.0,10000,9.00216422,9.00216422,0,0.295
ackley,0.0005012,0.865,0.65,4,2.0,10000,9.28164223,9.0026189,0,0.299
ackley,0.0005012,0.865,0.75,4,2.0,10000,9.28164223,9.00362384,0,0.296
ackley,0.0005012,0.865,0.85,4,2.0,10000,9.28164223,9.00496566,0,0.3
ackley,0.0005012,1.0,0.45,4,2.0,10000,9.00790847,9.00235899,0,0.297
ackley,0.0005012,1.0,0.55,4,2.0,10000,9.00216422,9.00216422,0,0.31
ackley,0.0005012,1.0,0.65,4,2.0,10000,9.00216422,9.00216422,0,0.299
ackley,0.0005012,1.0,0.75,4,2.0,10000,9.28164223,9.00200103,0,0.303
ackley,0.0005012,1.0,0.85,4,2.0,10000,9.28164223,9.00257716,0,0.302
ackley,0.0006918,0.325,0.45,4,2.0,10000,9.28164223,9.0048766,0,0.295
ackley,0.0006918,0.325,0.55,4,2.0,10000,9.28164223,9.01111081,0,0.305
ackley,0.0006918,0.325,0.65,4,2.0,10000,9.28164223,9.01068432,0,0.298
ackley,0.0006918,0.325,0.75,4,2.0,10000,9.28164223,9.01674972,0,0.303
ackley,0.0006918,0.325,0.85,4,2.0,10000,9.28164223,9.01624731,0,0.296
ackley,0.0006918,0.46,0.45,4,2.0,10000,9.28164223,9.00214292,0,0.298
ackley,0.0006918,0.46,0.55,4,2.0,10000,9.28164223,9.00627819,0,0.297
ackley,0.0006918,0.46,0.65,4,2.0,10000,9.28164223,9.00878202,0,0.301
ackley,0.0006918,0.46,0.75,4,2.0,10000,9.28164223,9.0167634,0,1.021
ackley,0.0006918,0.46,0.85,4,2.0,10000,9.28164223,9.0214945,0,0.772
ackley,0.0006918,0.595,0.45,4,2.0,10000,9.00216422,9.00216422,0,1.031
ackley,0.0006918,0.595,0.55,4,2.0,10000,9.28164223,9.00297075,0,1.084
ackley,0.0006918,0.595,0.65,4,2.0,10000,9.28164223,9.00575745,0,1.114
ackley,0.0006918,0.595,0.75,4,2.0,10000,9.28164223,9.01118023,0,1.093
ackley,0.0006918,0.595,0.85,4,2.0,10000,9.28164223,9.02292801,0,1.08
ackley,0.0006918,0.73,0.45,4,2.0,10000,9.00216422,9.00216422,0,1.072
ackley,0.0006918,0.73,0.55,4,2.0,10000,9.28164223,9.00263481,0,0.998
ackley,0.0006918,0.73,0.65,4,2.0,10000,9.28164223,9.00367406,0,1.062
ackley,0.0006918,0.73,0.75,4,2.0,10000,9.28164223,9.00635614,0,1.116
ackley,0.0006918,0.73,0.85,4,2.0,10000,9.28164223,9.01981909,0,0.906
ackley,0.0006918,0.865,0.45,4,2.0,10000,9.00216422,9.00197983,0,1.0
ackley,0.0006918,0.865,0.55,4,2.0,10000,9.00216422,9.00216422,0,1.129
ackley,0.0006918,0.865,0.65,4,2.0,10000,9.28164223,9.00262712,0,1.07
ackley,0.0006918,0.865,0.75,4,2.0,10000,9.28164223,9.00443341,0,0.554
ackley,0.0006918,0.865,0.85,4,2.0,10000,9.28164223,9.01398684,0,0.287
ackley,0.0006918,1.0,0.45,4,2.0,10000,9.00790847,9.00164634,0,0.294
ackley,0.0006918,1.0,0.55,4,2.0,10000,9.00216422,9.00216422,0,0.296
ackley,0.0006918,1.0,0.65,4,2.0,10000,9.28164223,9.00305292,0,0.3
ackley,0.0006918,1.0,0.75,4,2.0,10000,9.28164223,9.00220405,0,0.296
ackley,0.0006918,1.0,0.85,4,2.0,10000,9.28164223,9.00221543,0,0.296
ackley,0.000955,0.325,0.45,4,2.0,10000,9.28164223,9.00788529,0,0.299
ackley,0.000955,0.325,0.55,4,2.0,10000,9.28164223,9.01802791,0,0.288
ackley,0.000955,0.325,0.65,4,2.0,10000,9.28164223,9.01501941,0,0.292
ackley,0.000955,0.325,0.75,4,2.0,10000,9.28164223,9.01724344,0,0.291
ackley,0.000955,0.325,0.85,4,2.0,10000,9.28164223,9.02089089,0,0.29
ackley,0.000955,0.46,0.45,4,2.0,10000,9.28164223,9.00319461,0,0.303
ackley,0.000955,0.46,0.55,4,2.0,10000,9.28164223,9.01773235,0,0.3
ackley,0.000955,0.46,0.65,4,2.0,10000,9.28164223,9.01632165,0,0.302
ackley,0.000955,0.46,0.75,4,2.0,10000,9.28164223,9.02034326,0,0.298
ackley,0.000955,0.46,0.85,4,2.0,10000,9.28164223,9.02376728,0,0.288
ackley,0.000955,0.595,0.45,4,2.0,10000,9.00216422,9.00216422,0,0.301
ackley,0.000955,0.595,0.55,4,2.0,10000,9.28164223,9.00899285,0,0.301
ackley,0.000955,0.595,0.65,4,2.0,10000,9.28164223,9.01199002,0,0.298
ackley,0.000955,0.595,0.75,4,2.0,10000,9.28164223,9.01703126,0,0.302
ackley,0.000955,0.595,0.85,4,2.0,10000,9.28164223,9.02376728,0,0.293
ackley,0.000955,0.73,0.45,4,2.0,10000,9.00216422,9.00216422,0,0.294
ackley,0.000955,0.73,0.55,4,2.0,10000,9.28164223,9.00492841,0,0.305
ackley,0.000955,0.73,0.65,4,2.0,10000,9.28164223,9.00731219,0,0.301
ackley,0.000955,0.73,0.75,4,2.0,10000,9.28164223,9.01110576,0,0.307
ackley,0.000955,0.73,0.85,4,2.0,10000,9.28164223,9.0221332,0,0.302
ackley,0.000955,0.865,0.45,4,2.0,10000,9.00216422,9.00216422,0,0.299
ackley,0.000955,0.865,0.55,4,2.0,10000,9.28164223,9.00423126,0,0.305
ackley,0.000955,0.865,0.65,4,2.0,10000,9.28164223,9.00512378,0,0.298
ackley,0.000955,0.865,0.75,4,2.0,10000,9.28164223,9.00730608,0,0.306
ackley,0.000955,0.865,0.85,4,2.0,10000,9.28164223,9.01204733,0,0.304
ackley,0.000955,1.0,0.45,4,2.0,10000,9.00216422,9.00216422,0,0.297
ackley,0.000955,1.0,0.55,4,2.0,10000,9.28164223,9.00315774,0,0.297
ackley,0.000955,1.0,0.65,4,2.0,10000,9.28164223,9.00209031,0,0.304
ackley,0.000955,1.0,0.75,4,2.0,10000,9.28164223,9.00563355,0,0.306
ackley,0.000955,1.0,0.85,4,2.0,10000,9.28164223,9.01723473,0,0.301
ackley,0.0013183,0.325,0.45,4,2.0,10000,9.28164223,9.01559308,0,0.299
ackley,0.0013183,0.325,0.55,4,2.0,10000,9.28164223,9.01690481,0,0.303
ackley,0.0013183,0.325,0.65,4,2.0,10000,9.28164223,9.02350676,0,0.302
ackley,0.0013183,0.325,0.75,4,2.0,10000,9.28164223,9.02376728,0,0.296
ackley,0.0013183,0.325,0.85,4,2.0,10000,9.28164223,9.02376728,0,0.292
ackley,0.0013183,0.46,0.45,4,2.0,10000,9.28164223,9.01591065,0,0.304
ackley,0.0013183,0.46,0.55,4,2.0,10000,9.28164223,9.0195804,0,0.305
ackley,0.0013183,0.46,0.65,4,2.0,10000,9.28164223,9.02376728,0,0.306
ackley,0.0013183,0.46,0.75,4,2.0,10000,9.28164223,9.02376728,0,0.301
ackley,0.0013183,0.46,0.85,4,2.0,10000,9.28164223,9.02376728,0,0.303
ackley,0.0013183,0.595,0.45,4,2.0,10000,9.28164223,9.00666892,0,0.304
ackley,0.0013183,0.595,0.55,4,2.0,10000,9.28164223,9.0162894,0,0.309
ackley,0.0013183,0.595,0.65,4,2.0,10000,9.28164223,9.02376728,0,0.297
ackley,0.0013183,0.595,0.75,4,2.0,10000,9.28164223,9.02376728,0,0.297
ackley,0.0013183,0.595,0.85,4,2.0,10000,9.28164223,9.02376728,0,0.302
ackley,0.0013183,0.73,0.45,4,2.0,10000,9.28164223,9.0036662,0,0.306
ackley,0.0013183,0.73,0.55,4,2.0,10000,9.28164223,9.01128154,0,0.303
ackley,0.0013183,0.73,0.65,4,2.0,10000,9.28164223,9.02376728,0,0.308
ackley,0.0013183,0.73,0.75,4,2.0,10000,9.28164223,9.02376728,0,0.314
ackley,0.0013183,0.73,0.85,4,2.0,10000,9.28164223,9.02376728,0,0.303
ackley,0.0013183,0.865,0.45,4,2.0,10000,9.00216422,9.00216422,0,0.308
ackley,0.0013183,0.865,0.55,4,2.0,10000,9.28164223,9.00843546,0,0.31
ackley,0.0013183,0.865,0.65,4,2.0,10000,9.28164223,9.01282724,0,0.307
ackley,0.0013183,0.865,0.75,4,2.0,10000,9.28164223,9.01748427,0,0.305
ackley,0.0013183,0.865,0.85,4,2.0,10000,9.28164223,9.02376728,0,0.302
ackley,0.0013183,1.0,0.45,4,2.0,10000,9.00216422,9.00185653,0,0.31
ackley,0.0013183,1.0,0.55,4,2.0,10000,9.28164223,9.00390135,0,0.313
ackley,0.0013183,1.0,0.65,4,2.0,10000,9.28164223,9.01272269,0,0.305
ackley,0.0013183,1.0,0.75,4,2.0,10000,9.28164223,9.02376728,0,0.314
ackley,0.0013183,1.0,0.85,4,2.0,10000,9.28164223,9.02376728,0,0.305
ackley,0.0018197,0.325,0.45,4,2.0,10000,9.28164223,9.01965812,0,0.317
ackley,0.0018197,0.325,0.55,4,2.0,10000,9.28164223,9.02376728,0,0.308
ackley,0.0018197,0.325,0.65,4,2.0,10000,9.28164223,9.02376728,0,0.309
ackley,0.0018197,0.325,0.75,4,2.0,10000,9.28164223,9.02376728,0,0.314
ackley,0.0018197,0.325,0.85,4,2.0,10000,9.28164223,9.02376728,0,0.313
ackley,0.0018197,0.46,0.45,4,2.0,10000,9.28164223,9.02376728,0,0.312
ackley,0.0018197,0.46,0.55,4,2.0,10000,9.28164223,9.02376728,0,0.31
ackley,0.0018197,0.46,0.65,4,2.0,10000,9.28164223,9.02376728,0,0.307
ackley,0.0018197,0.46,0.75,4,2.0,10000,9.28164223,9.02376728,0,0.314
ackley,0.0018197,0.46,0.85,4,2.0,10000,9.28164223,9.02376728,0,0.312
ackley,0.0018197,0.595,0.45,4,2.0,10000,9.28164223,9.02376728,0,0.307
ackley,0.0018197,0.595,0.55,4,2.0,10000,9.28164223,9.02376728,0,0.304
ackley,0.0018197,0.595,0.65,4,2.0,10000,9.28164223,9.02376728,0,0.313
ackley,0.0018197,0.595,0.75,4,2.0,10000,9.28164223,9.02376728,0,0.334
ackley,0.0018197,0.595,0.85,4,2.0,10000,9.28164223,9.02376728,0,0.332
ackley,0.0018197,0.73,0.45,4,2.0,10000,9.28164223,9.02175228,0,0.331
ackley,0.0018197,0.73,0.55,4,2.0,10000,9.28164223,9.02376728,0,0.334
ackley,0.0018197,0.73,0.65,4,2.0,10000,9.28164223,9.02376728,0,0.332
ackley,0.0018197,0.73,0.75,4,2.0,10000,9.28164223,9.02376728,0,0.333
ackley,0.0018197,0.73,0.85,4,2.0,10000,9.28164223,9.02376728,0,0.331
ackley,0.0018197,0.865,0.45,4,2.0,10000,9.28164223,9.01362458,0,0.328
ackley,0.0018197,0.865,0.55,4,2.0,10000,9.28164223,9.01163944,0,0.336
ackley,0.0018197,0.865,0.65,4,2.0,10000,9.28164223,9.02376728,0,0.332
ackley,0.0018197,0.865,0.75,4,2.0,10000,9.28164223,9.02376728,0,0.336
ackley,0.0018197,0.865,0.85,4,2.0,10000,9.28164223,9.02376728,0,0.348
ackley,0.0018197,1.0,0.45,4,2.0,10000,9.28164223,9.00551797,0,0.337
ackley,0.0018197,1.0,0.55,4,2.0,10000,9.28164223,9.02187418,0,0.333
ackley,0.0018197,1.0,0.65,4,2.0,10000,9.28164223,9.02376728,0,0.337
ackley,0.0018197,1.0,0.75,4,2.0,10000,9.28164223,9.02376728,0,0.342
ackley,0.0018197,1.0,0.85,4,2.0,10000,9.28164223,9.02376728,0,0.344
ackley,0.0025119,0.325,0.45,4,2.0,10000,9.28164223,9.02376728,0,0.337
ackley,0.0025119,0.325,0.55,4,2.0,10000,9.28164223,9.02376728,0,0.345
ackley,0.0025119,0.325,0.65,4,2.0,10000,9.28164223,9.02376728,0,0.341
ackley,0.0025119,0.325,0.75,4,2.0,10000,9.28164223,9.02376728,0,0.34
ackley,0.0025119,0.325,0.85,4,2.0,10000,9.28164223,9.02376728,0,0.341
ackley,0.0025119,0.46,0.45,4,2.0,10000,9.28164223,9.02376728,0,0.349
ackley,0.0025119,0.46,0.55,4,2.0,10000,9.28164223,9.02376728,0,0.347
ackley,0.0025119,0.46,0.65,4,2.0,10000,9.28164223,9.02376728,0,0.38
ackley,0.0025119,0.46,0.75,4,2.0,10000,9.28164223,9.02376728,0,0.344
ackley,0.0025119,0.46,0.85,4,2.0,10000,9.28164223,9.02376728,0,0.351
ackley,0.0025119,0.595,0.45,4,2.0,10000,9.28164223,9.02376728,0,0.347
ackley,0.0025119,0.595,0.55,4,2.0,10000,9.28164223,9.02376728,0,0.358
ackley,0.0025119,0.595,0.65,4,2.0,10000,9.28164223,9.02376728,0,0.348
ackley,0.0025119,0.595,0.75,4,2.0,10000,9.28164223,9.02376728,0,0.35
ackley,0.0025119,0.595,0.85,4,2.0,10000,9.28164223,9.02376728,0,0.362
ackley,0.0025119,0.73,0.45,4,2.0,10000,9.28164223,9.02376728,0,0.356
ackley,0.0025119,0.73,0.55,4,2.0,10000,9.28164223,9.02376728,0,0.354
ackley,0.0025119,0.73,0.65,4,2.0,10000,9.28164223,9.02376728,0,0.359
ackley,0.0025119,0.73,0.75,4,2.0,10000,9.28164223,9.02376728,0,0.354
ackley,0.0025119,0.73,0.85,4,2.0,10000,9.28164223,9.02376728,0,0.354
ackley,0.0025119,0.865,0.45,4,2.0,10000,9.28164223,9.0096323,0,0.356
ackley,0.0025119,0.865,0.55,4,2.0,10000,9.28164223,9.02376728,0,0.356
ackley,0.0025119,0.865,0.65,4,2.0,10000,9.28164223,9.02376728,0,0.361
ackley,0.0025119,0.865,0.75,4,2.0,10000,9.28164223,9.02376728,0,0.356
ackley,0.0025119,0.865,0.85,4,2.0,10000,9.28164223,9.02376728,0,0.365
ackley,0.0025119,1.0,0.45,4,2.0,10000,9.28164223,9.02050805,0,0.363
ackley,0.0025119,1.0,0.55,4,2.0,10000,9.28164223,9.02376728,0,0.361
ackley,0.0025119,1.0,0.65,4,2.0,10000,9.28164223,9.02376728,0,0.365
ackley,0.0025119,1.0,0.75,4,2.0,10000,9.28164223,9.02376728,0,0.362
ackley,0.0025119,1.0,0.85,4,2.0,10000,9.28164223,9.02376728,0,0.366
