num_workers,eta,beta,alpha,alpha_pull,loss
1,0.0005,0.5,0.1,0.1,2.2572843830630056
1,0.0005,0.5,0.1,0.325,3.327393591072466
1,0.0005,0.5,0.1,0.55,3.6578921145323484
1,0.0005,0.5,0.1,0.775,3.838831275656799
1,0.0005,0.5,0.1,1.0,3.9934060711908876
1,0.0005,0.5,0.325,0.1,0.665856734180531
1,0.0005,0.5,0.325,0.325,1.8923780879897785
1,0.0005,0.5,0.325,0.55,2.568745588659928
1,0.0005,0.5,0.325,0.775,2.929426355531837
1,0.0005,0.5,0.325,1.0,3.1546931974981938
1,0.0005,0.5,0.55,0.1,0.4640876891129315
1,0.0005,0.5,0.55,0.325,1.1191751500204061
1,0.0005,0.5,0.55,0.55,1.850855779295012
1,0.0005,0.5,0.55,0.775,2.3217762070631736
1,0.0005,0.5,0.55,1.0,2.629075638899648
1,0.0005,0.5,0.775,0.1,0.39790413537146296
1,0.0005,0.5,0.775,0.325,0.7707637939415088
1,0.0005,0.5,0.775,0.55,1.3332677340009038
1,0.0005,0.5,0.775,0.775,1.8338998125786559
1,0.0005,0.5,0.775,1.0,2.194188880262452
1,0.0005,0.5,1.0,0.1,0.36522718902066137
1,0.0005,0.5,1.0,0.325,0.6143945823018806
1,0.0005,0.5,1.0,0.55,0.9973393155784089
1,0.0005,0.5,1.0,0.775,1.4456191450293967
1,0.0005,0.5,1.0,1.0,2.332196760422268
1,0.0005,1.0,0.1,0.1,2.2572843830630056
1,0.0005,1.0,0.1,0.325,3.327393591072466
1,0.0005,1.0,0.1,0.55,3.6578921145323484
1,0.0005,1.0,0.1,0.775,3.838831275656799
1,0.0005,1.0,0.1,1.0,3.9934060711908876
1,0.0005,1.0,0.325,0.1,0.665856734180531
1,0.0005,1.0,0.325,0.325,1.8923780879897785
1,0.0005,1.0,0.325,0.55,2.568745588659928
1,0.0005,1.0,0.325,0.775,2.929426355531837
1,0.0005,1.0,0.325,1.0,3.1546931974981938
1,0.0005,1.0,0.55,0.1,0.4640876891129315
1,0.0005,1.0,0.55,0.325,1.1191751500204061
1,0.0005,1.0,0.55,0.55,1.850855779295012
1,0.0005,1.0,0.55,0.775,2.3217762070631736
1,0.0005,1.0,0.55,1.0,2.629075638899648
1,0.0005,1.0,0.775,0.1,0.39790413537146296
1,0.0005,1.0,0.775,0.325,0.7707637939415088
1,0.0005,1.0,0.775,0.55,1.3332677340009038
1,0.0005,1.0,0.775,0.775,1.8338998125786559
1,0.0005,1.0,0.775,1.0,2.194188880262452
1,0.0005,1.0,1.0,0.1,0.36522718902066137
1,0.0005,1.0,1.0,0.325,0.6143945823018806
1,0.0005,1.0,1.0,0.55,0.9973393155784089
1,0.0005,1.0,1.0,0.775,1.4456191450293967
1,0.0005,1.0,1.0,1.0,2.332196760422268
1,0.0005,2.0,0.1,0.1,2.2572843830630056
1,0.0005,2.0,0.1,0.325,3.327393591072466
1,0.0005,2.0,0.1,0.55,3.6578921145323484
1,0.0005,2.0,0.1,0.775,3.838831275656799
1,0.0005,2.0,0.1,1.0,3.9934060711908876
1,0.0005,2.0,0.325,0.1,0.665856734180531
1,0.0005,2.0,0.325,0.325,1.8923780879897785
1,0.0005,2.0,0.325,0.55,2.568745588659928
1,0.0005,2.0,0.325,0.775,2.929426355531837
1,0.0005,2.0,0.325,1.0,3.1546931974981938
1,0.0005,2.0,0.55,0.1,0.4640876891129315
1,0.0005,2.0,0.55,0.325,1.1191751500204061
1,0.0005,2.0,0.55,0.55,1.850855779295012
1,0.0005,2.0,0.55,0.775,2.3217762070631736
1,0.0005,2.0,0.55,1.0,2.629075638899648
1,0.0005,2.0,0.775,0.1,0.39790413537146296
1,0.0005,2.0,0.775,0.325,0.7707637939415088
1,0.0005,2.0,0.775,0.55,1.3332677340009038
1,0.0005,2.0,0.775,0.775,1.8338998125786559
1,0.0005,2.0,0.775,1.0,2.194188880262452
1,0.0005,2.0,1.0,0.1,0.36522718902066137
1,0.0005,2.0,1.0,0.325,0.6143945823018806
1,0.0005,2.0,1.0,0.55,0.9973393155784089
1,0.0005,2.0,1.0,0.775,1.4456191450293967
1,0.0005,2.0,1.0,1.0,2.332196760422268
1,0.0005,5.0,0.1,0.1,nan
1,0.0005,5.0,0.1,0.325,nan
1,0.0005,5.0,0.1,0.55,nan
1,0.0005,5.0,0.1,0.775,nan
1,0.0005,5.0,0.1,1.0,nan
1,0.0005,5.0,0.325,0.1,nan
1,0.0005,5.0,0.325,0.325,nan
1,0.0005,5.0,0.325,0.55,nan
1,0.0005,5.0,0.325,0.775,nan
1,0.0005,5.0,0.325,1.0,nan
1,0.0005,5.0,0.55,0.1,nan
1,0.0005,5.0,0.55,0.325,nan
1,0.0005,5.0,0.55,0.55,nan
1,0.0005,5.0,0.55,0.775,nan
1,0.0005,5.0,0.55,1.0,nan
1,0.0005,5.0,0.775,0.1,nan
1,0.0005,5.0,0.775,0.325,nan
1,0.0005,5.0,0.775,0.55,nan
1,0.0005,5.0,0.775,0.775,nan
1,0.0005,5.0,0.775,1.0,nan
1,0.0005,5.0,1.0,0.1,nan
1,0.0005,5.0,1.0,0.325,nan
1,0.0005,5.0,1.0,0.55,nan
1,0.0005,5.0,1.0,0.775,nan
1,0.0005,5.0,1.0,1.0,nan
1,0.002321,0.5,0.1,0.1,0.5885223286772164
1,0.002321,0.5,0.1,0.325,1.2812212980851225
1,0.002321,0.5,0.1,0.55,1.988269172802955
1,0.002321,0.5,0.1,0.775,2.2894749095319264
1,0.002321,0.5,0.1,1.0,2.7210345432239
1,0.002321,0.5,0.325,0.1,0.016370200357552742
1,0.002321,0.5,0.325,0.325,0.05710053401282282
1,0.002321,0.5,0.325,0.55,0.11848690156829216
1,0.002321,0.5,0.325,0.775,0.2010798382498543
1,0.002321,0.5,0.325,1.0,0.31691216339289174
1,0.002321,0.5,0.55,0.1,0.010108491107525189
1,0.002321,0.5,0.55,0.325,0.027307558900717805
1,0.002321,0.5,0.55,0.55,0.05193107826690942
1,0.002321,0.5,0.55,0.775,0.08341726107456543
1,0.002321,0.5,0.55,1.0,0.12362405508365011
1,0.002321,0.5,0.775,0.1,0.008010692243921654
1,0.002321,0.5,0.775,0.325,0.018065047225672457
1,0.002321,0.5,0.775,0.55,0.03193056029038876
1,0.002321,0.5,0.775,0.775,0.049442267188039415
1,0.002321,0.5,0.775,1.0,0.07146416945700866
1,0.002321,0.5,1.0,0.1,0.0069983198708241
1,0.002321,0.5,1.0,0.325,0.01387486588043272
1,0.002321,0.5,1.0,0.55,0.023083727302545584
1,0.002321,0.5,1.0,0.775,0.03453263376678609
1,0.002321,0.5,1.0,1.0,0.055399185119834445
1,0.002321,1.0,0.1,0.1,0.5885223286772164
1,0.002321,1.0,0.1,0.325,1.2812212980851225
1,0.002321,1.0,0.1,0.55,1.988269172802955
1,0.002321,1.0,0.1,0.775,2.2894749095319264
1,0.002321,1.0,0.1,1.0,2.7210345432239
1,0.002321,1.0,0.325,0.1,0.016370200357552742
1,0.002321,1.0,0.325,0.325,0.05710053401282282
1,0.002321,1.0,0.325,0.55,0.11848690156829216
1,0.002321,1.0,0.325,0.775,0.2010798382498543
1,0.002321,1.0,0.325,1.0,0.31691216339289174
1,0.002321,1.0,0.55,0.1,0.010108491107525189
1,0.002321,1.0,0.55,0.325,0.027307558900717805
1,0.002321,1.0,0.55,0.55,0.05193107826690942
1,0.002321,1.0,0.55,0.775,0.08341726107456543
1,0.002321,1.0,0.55,1.0,0.12362405508365011
1,0.002321,1.0,0.775,0.1,0.008010692243921654
1,0.002321,1.0,0.775,0.325,0.018065047225672457
1,0.002321,1.0,0.775,0.55,0.03193056029038876
1,0.002321,1.0,0.775,0.775,0.049442267188039415
1,0.002321,1.0,0.775,1.0,0.07146416945700866
1,0.002321,1.0,1.0,0.1,0.0069983198708241
1,0.002321,1.0,1.0,0.325,0.01387486588043272
1,0.002321,1.0,1.0,0.55,0.023083727302545584
1,0.002321,1.0,1.0,0.775,0.03453263376678609
1,0.002321,1.0,1.0,1.0,0.055399185119834445
1,0.002321,2.0,0.1,0.1,0.5885223286772164
1,0.002321,2.0,0.1,0.325,1.2812212980851225
1,0.002321,2.0,0.1,0.55,1.988269172802955
1,0.002321,2.0,0.1,0.775,2.2894749095319264
1,0.002321,2.0,0.1,1.0,2.7210345432239
1,0.002321,2.0,0.325,0.1,0.016370200357552742
1,0.002321,2.0,0.325,0.325,0.05710053401282282
1,0.002321,2.0,0.325,0.55,0.11848690156829216
1,0.002321,2.0,0.325,0.775,0.2010798382498543
1,0.002321,2.0,0.325,1.0,0.31691216339289174
1,0.002321,2.0,0.55,0.1,0.010108491107525189
1,0.002321,2.0,0.55,0.325,0.027307558900717805
1,0.002321,2.0,0.55,0.55,0.05193107826690942
1,0.002321,2.0,0.55,0.775,0.08341726107456543
1,0.002321,2.0,0.55,1.0,0.12362405508365011
1,0.002321,2.0,0.775,0.1,0.008010692243921654
1,0.002321,2.0,0.775,0.325,0.018065047225672457
1,0.002321,2.0,0.775,0.55,0.03193056029038876
1,0.002321,2.0,0.775,0.775,0.049442267188039415
1,0.002321,2.0,0.775,1.0,0.07146416945700866
1,0.002321,2.0,1.0,0.1,0.0069983198708241
1,0.002321,2.0,1.0,0.325,0.01387486588043272
1,0.002321,2.0,1.0,0.55,0.023083727302545584
1,0.002321,2.0,1.0,0.775,0.03453263376678609
1,0.002321,2.0,1.0,1.0,0.055399185119834445
1,0.002321,5.0,0.1,0.1,nan
1,0.002321,5.0,0.1,0.325,nan
1,0.002321,5.0,0.1,0.55,nan
1,0.002321,5.0,0.1,0.775,nan
1,0.002321,5.0,0.1,1.0,nan
1,0.002321,5.0,0.325,0.1,nan
1,0.002321,5.0,0.325,0.325,nan
1,0.002321,5.0,0.325,0.55,nan
1,0.002321,5.0,0.325,0.775,nan
1,0.002321,5.0,0.325,1.0,nan
1,0.002321,5.0,0.55,0.1,nan
1,0.002321,5.0,0.55,0.325,nan
1,0.002321,5.0,0.55,0.55,nan
1,0.002321,5.0,0.55,0.775,nan
1,0.002321,5.0,0.55,1.0,nan
1,0.002321,5.0,0.775,0.1,nan
1,0.002321,5.0,0.775,0.325,nan
1,0.002321,5.0,0.775,0.55,nan
1,0.002321,5.0,0.775,0.775,nan
1,0.002321,5.0,0.775,1.0,nan
1,0.002321,5.0,1.0,0.1,nan
1,0.002321,5.0,1.0,0.325,nan
1,0.002321,5.0,1.0,0.55,nan
1,0.002321,5.0,1.0,0.775,nan
1,0.002321,5.0,1.0,1.0,nan
1,0.010772,0.5,0.1,0.1,8.441544052737816
1,0.010772,0.5,0.1,0.325,9.603652663396407
1,0.010772,0.5,0.1,0.55,9.789079209660105
1,0.010772,0.5,0.1,0.775,10.05403946652776
1,0.010772,0.5,0.1,1.0,10.102700115423195
1,0.010772,0.5,0.325,0.1,3.5199612509817744
1,0.010772,0.5,0.325,0.325,8.702960520947414
1,0.010772,0.5,0.325,0.55,8.300288393892892
1,0.010772,0.5,0.325,0.775,7.799890518648278
1,0.010772,0.5,0.325,1.0,4.703303111722785
1,0.010772,0.5,0.55,0.1,3.524890068818597
1,0.010772,0.5,0.55,0.325,3.924634331408667
1,0.010772,0.5,0.55,0.55,3.9737660214760773
1,0.010772,0.5,0.55,0.775,5.330811379255623
1,0.010772,0.5,0.55,1.0,4.410809854501773
1,0.010772,0.5,0.775,0.1,4.37095192397639
1,0.010772,0.5,0.775,0.325,7.914722358513837
1,0.010772,0.5,0.775,0.55,4.09381541089647
1,0.010772,0.5,0.775,0.775,8.007302806307036
1,0.010772,0.5,0.775,1.0,3.549184960037325
1,0.010772,0.5,1.0,0.1,5.338690697952304
1,0.010772,0.5,1.0,0.325,5.22183887186967
1,0.010772,0.5,1.0,0.55,3.8294702371619516
1,0.010772,0.5,1.0,0.775,8.024478962249336
1,0.010772,0.5,1.0,1.0,7.832261490597938
1,0.010772,1.0,0.1,0.1,8.441544052737816
1,0.010772,1.0,0.1,0.325,9.603652663396407
1,0.010772,1.0,0.1,0.55,9.789079209660105
1,0.010772,1.0,0.1,0.775,10.05403946652776
1,0.010772,1.0,0.1,1.0,10.102700115423195
1,0.010772,1.0,0.325,0.1,3.5199612509817744
1,0.010772,1.0,0.325,0.325,8.702960520947414
1,0.010772,1.0,0.325,0.55,8.300288393892892
1,0.010772,1.0,0.325,0.775,7.799890518648278
1,0.010772,1.0,0.325,1.0,4.703303111722785
1,0.010772,1.0,0.55,0.1,3.524890068818597
1,0.010772,1.0,0.55,0.325,3.924634331408667
1,0.010772,1.0,0.55,0.55,3.9737660214760773
1,0.010772,1.0,0.55,0.775,5.330811379255623
1,0.010772,1.0,0.55,1.0,4.410809854501773
1,0.010772,1.0,0.775,0.1,4.37095192397639
1,0.010772,1.0,0.775,0.325,7.914722358513837
1,0.010772,1.0,0.775,0.55,4.09381541089647
1,0.010772,1.0,0.775,0.775,8.007302806307036
1,0.010772,1.0,0.775,1.0,3.549184960037325
1,0.010772,1.0,1.0,0.1,5.338690697952304
1,0.010772,1.0,1.0,0.325,5.22183887186967
1,0.010772,1.0,1.0,0.55,3.8294702371619516
1,0.010772,1.0,1.0,0.775,8.024478962249336
1,0.010772,1.0,1.0,1.0,7.832261490597938
1,0.010772,2.0,0.1,0.1,8.441544052737816
1,0.010772,2.0,0.1,0.325,9.603652663396407
1,0.010772,2.0,0.1,0.55,9.789079209660105
1,0.010772,2.0,0.1,0.775,10.05403946652776
1,0.010772,2.0,0.1,1.0,10.102700115423195
1,0.010772,2.0,0.325,0.1,3.5199612509817744
1,0.010772,2.0,0.325,0.325,8.702960520947414
1,0.010772,2.0,0.325,0.55,8.300288393892892
1,0.010772,2.0,0.325,0.775,7.799890518648278
1,0.010772,2.0,0.325,1.0,4.703303111722785
1,0.010772,2.0,0.55,0.1,3.524890068818597
1,0.010772,2.0,0.55,0.325,3.924634331408667
1,0.010772,2.0,0.55,0.55,3.9737660214760773
1,0.010772,2.0,0.55,0.775,5.330811379255623
1,0.010772,2.0,0.55,1.0,4.410809854501773
1,0.010772,2.0,0.775,0.1,4.37095192397639
1,0.010772,2.0,0.775,0.325,7.914722358513837
1,0.010772,2.0,0.775,0.55,4.09381541089647
1,0.010772,2.0,0.775,0.775,8.007302806307036
1,0.010772,2.0,0.775,1.0,3.549184960037325
1,0.010772,2.0,1.0,0.1,5.338690697952304
1,0.010772,2.0,1.0,0.325,5.22183887186967
1,0.010772,2.0,1.0,0.55,3.8294702371619516
1,0.010772,2.0,1.0,0.775,8.024478962249336
1,0.010772,2.0,1.0,1.0,7.832261490597938
1,0.010772,5.0,0.1,0.1,nan
1,0.010772,5.0,0.1,0.325,nan
1,0.010772,5.0,0.1,0.55,nan
1,0.010772,5.0,0.1,0.775,nan
1,0.010772,5.0,0.1,1.0,nan
1,0.010772,5.0,0.325,0.1,nan
1,0.010772,5.0,0.325,0.325,nan
1,0.010772,5.0,0.325,0.55,nan
1,0.010772,5.0,0.325,0.775,nan
1,0.010772,5.0,0.325,1.0,nan
1,0.010772,5.0,0.55,0.1,nan
1,0.010772,5.0,0.55,0.325,nan
1,0.010772,5.0,0.55,0.55,nan
1,0.010772,5.0,0.55,0.775,nan
1,0.010772,5.0,0.55,1.0,nan
1,0.010772,5.0,0.775,0.1,nan
1,0.010772,5.0,0.775,0.325,nan
1,0.010772,5.0,0.775,0.55,nan
1,0.010772,5.0,0.775,0.775,nan
1,0.010772,5.0,0.775,1.0,nan
1,0.010772,5.0,1.0,0.1,nan
1,0.010772,5.0,1.0,0.325,nan
1,0.010772,5.0,1.0,0.55,nan
1,0.010772,5.0,1.0,0.775,nan
1,0.010772,5.0,1.0,1.0,nan
1,0.05,0.5,0.1,0.1,45.871342046226275
1,0.05,0.5,0.1,0.325,74.82331694969801
1,0.05,0.5,0.1,0.55,100.78730375636913
1,0.05,0.5,0.1,0.775,114.59215881335179
1,0.05,0.5,0.1,1.0,103.97643924894932
1,0.05,0.5,0.325,0.1,5.906629926349287
1,0.05,0.5,0.325,0.325,16.456589912373374
1,0.05,0.5,0.325,0.55,39.48900998531486
1,0.05,0.5,0.325,0.775,57.90608083695665
1,0.05,0.5,0.325,1.0,40.37196036187793
1,0.05,0.5,0.55,0.1,13.971874900190912
1,0.05,0.5,0.55,0.325,28.73868141286486
1,0.05,0.5,0.55,0.55,16.45658991237335
1,0.05,0.5,0.55,0.775,30.478464716401767
1,0.05,0.5,0.55,1.0,12.330778793284939
1,0.05,0.5,0.775,0.1,19.99895883903147
1,0.05,0.5,0.775,0.325,5.502841619023215
1,0.05,0.5,0.775,0.55,7.348460845519021
1,0.05,0.5,0.775,0.775,16.456589904768663
1,0.05,0.5,0.775,1.0,13.77686890413906
1,0.05,0.5,1.0,0.1,24.23110225029925
1,0.05,0.5,1.0,0.325,5.307562490021389
1,0.05,0.5,1.0,0.55,8.068752464146248
1,0.05,0.5,1.0,0.775,23.984624434420354
1,0.05,0.5,1.0,1.0,16.19999999999999
1,0.05,1.0,0.1,0.1,45.871342046226275
1,0.05,1.0,0.1,0.325,74.82331694969801
1,0.05,1.0,0.1,0.55,100.78730375636913
1,0.05,1.0,0.1,0.775,114.59215881335179
1,0.05,1.0,0.1,1.0,103.97643924894932
1,0.05,1.0,0.325,0.1,5.906629926349287
1,0.05,1.0,0.325,0.325,16.456589912373374
1,0.05,1.0,0.325,0.55,39.48900998531486
1,0.05,1.0,0.325,0.775,57.90608083695665
1,0.05,1.0,0.325,1.0,40.37196036187793
1,0.05,1.0,0.55,0.1,13.971874900190912
1,0.05,1.0,0.55,0.325,28.73868141286486
1,0.05,1.0,0.55,0.55,16.45658991237335
1,0.05,1.0,0.55,0.775,30.478464716401767
1,0.05,1.0,0.55,1.0,12.330778793284939
1,0.05,1.0,0.775,0.1,19.99895883903147
1,0.05,1.0,0.775,0.325,5.502841619023215
1,0.05,1.0,0.775,0.55,7.348460845519021
1,0.05,1.0,0.775,0.775,16.456589904768663
1,0.05,1.0,0.775,1.0,13.77686890413906
1,0.05,1.0,1.0,0.1,24.23110225029925
1,0.05,1.0,1.0,0.325,5.307562490021389
1,0.05,1.0,1.0,0.55,8.068752464146248
1,0.05,1.0,1.0,0.775,23.984624434420354
1,0.05,1.0,1.0,1.0,16.19999999999999
1,0.05,2.0,0.1,0.1,45.871342046226275
1,0.05,2.0,0.1,0.325,74.82331694969801
1,0.05,2.0,0.1,0.55,100.78730375636913
1,0.05,2.0,0.1,0.775,114.59215881335179
1,0.05,2.0,0.1,1.0,103.97643924894932
1,0.05,2.0,0.325,0.1,5.906629926349287
1,0.05,2.0,0.325,0.325,16.456589912373374
1,0.05,2.0,0.325,0.55,39.48900998531486
1,0.05,2.0,0.325,0.775,57.90608083695665
1,0.05,2.0,0.325,1.0,40.37196036187793
1,0.05,2.0,0.55,0.1,13.971874900190912
1,0.05,2.0,0.55,0.325,28.73868141286486
1,0.05,2.0,0.55,0.55,16.45658991237335
1,0.05,2.0,0.55,0.775,30.478464716401767
1,0.05,2.0,0.55,1.0,12.330778793284939
1,0.05,2.0,0.775,0.1,19.99895883903147
1,0.05,2.0,0.775,0.325,5.502841619023215
1,0.05,2.0,0.775,0.55,7.348460845519021
1,0.05,2.0,0.775,0.775,16.456589904768663
1,0.05,2.0,0.775,1.0,13.77686890413906
1,0.05,2.0,1.0,0.1,24.23110225029925
1,0.05,2.0,1.0,0.325,5.307562490021389
1,0.05,2.0,1.0,0.55,8.068752464146248
1,0.05,2.0,1.0,0.775,23.984624434420354
1,0.05,2.0,1.0,1.0,16.19999999999999
1,0.05,5.0,0.1,0.1,nan
1,0.05,5.0,0.1,0.325,nan
1,0.05,5.0,0.1,0.55,nan
1,0.05,5.0,0.1,0.775,nan
1,0.05,5.0,0.1,1.0,nan
1,0.05,5.0,0.325,0.1,nan
1,0.05,5.0,0.325,0.325,nan
1,0.05,5.0,0.325,0.55,nan
1,0.05,5.0,0.325,0.775,nan
1,0.05,5.0,0.325,1.0,nan
1,0.05,5.0,0.55,0.1,nan
1,0.05,5.0,0.55,0.325,nan
1,0.05,5.0,0.55,0.55,nan
1,0.05,5.0,0.55,0.775,nan
1,0.05,5.0,0.55,1.0,nan
1,0.05,5.0,0.775,0.1,nan
1,0.05,5.0,0.775,0.325,nan
1,0.05,5.0,0.775,0.55,nan
1,0.05,5.0,0.775,0.775,nan
1,0.05,5.0,0.775,1.0,nan
1,0.05,5.0,1.0,0.1,nan
1,0.05,5.0,1.0,0.325,nan
1,0.05,5.0,1.0,0.55,nan
1,0.05,5.0,1.0,0.775,nan
1,0.05,5.0,1.0,1.0,nan
2,0.0005,0.5,0.1,0.1,31.003848441564983
2,0.0005,0.5,0.1,0.325,4.346007668043841
2,0.0005,0.5,0.1,0.55,4.454716368236186
2,0.0005,0.5,0.1,0.775,4.558774945571534
2,0.0005,0.5,0.1,1.0,4.695312669848162
2,0.0005,0.5,0.325,0.1,6.369998010875634
2,0.0005,0.5,0.325,0.325,3.5798629713382133
2,0.0005,0.5,0.325,0.55,3.5924349963951547
2,0.0005,0.5,0.325,0.775,3.7168315934125604
2,0.0005,0.5,0.325,1.0,3.816642478140817
2,0.0005,0.5,0.55,0.1,4.114603105165471
2,0.0005,0.5,0.55,0.325,3.8805805329832985
2,0.0005,0.5,0.55,0.55,3.5179120485208646
2,0.0005,0.5,0.55,0.775,3.520223970540366
2,0.0005,0.5,0.55,1.0,3.598175122227444
2,0.0005,0.5,0.775,0.1,3.53096581199293
2,0.0005,0.5,0.775,0.325,4.230802144196627
2,0.0005,0.5,0.775,0.55,3.6961054196754564
2,0.0005,0.5,0.775,0.775,3.5128425371651586
2,0.0005,0.5,0.775,1.0,12.320461232629642
2,0.0005,0.5,1.0,0.1,3.2855289033886788
2,0.0005,0.5,1.0,0.325,4.452111455227268
2,0.0005,0.5,1.0,0.55,3.9650694298136253
2,0.0005,0.5,1.0,0.775,11.910321534296617
2,0.0005,0.5,1.0,1.0,3.2964149943498984
2,0.0005,1.0,0.1,0.1,4.6279248857962605
2,0.0005,1.0,0.1,0.325,3.566595256194771
2,0.0005,1.0,0.1,0.55,3.873752914016711
2,0.0005,1.0,0.1,0.775,4.055895225313545
2,0.0005,1.0,0.1,1.0,4.226531806673599
2,0.0005,1.0,0.325,0.1,5.038595851393376
2,0.0005,1.0,0.325,0.325,2.0726380609598465
2,0.0005,1.0,0.325,0.55,2.7082557916259313
2,0.0005,1.0,0.325,0.775,3.0501637125651384
2,0.0005,1.0,0.325,1.0,3.2643543552171117
2,0.0005,1.0,0.55,0.1,3.6162595958925565
2,0.0005,1.0,0.55,0.325,1.3482590554629803
2,0.0005,1.0,0.55,0.55,2.0174706246717826
2,0.0005,1.0,0.55,0.775,2.467693246699992
2,0.0005,1.0,0.55,1.0,2.760966792239123
2,0.0005,1.0,0.775,0.1,3.214919212066323
2,0.0005,1.0,0.775,0.325,1.0895045720264132
2,0.0005,1.0,0.775,0.55,1.525415559964045
2,0.0005,1.0,0.775,0.775,1.9963640171417159
2,0.0005,1.0,0.775,1.0,0.1035828674864263
2,0.0005,1.0,1.0,0.1,3.053233745926012
2,0.0005,1.0,1.0,0.325,1.0354167228098292
2,0.0005,1.0,1.0,0.55,1.2332772641115923
2,0.0005,1.0,1.0,0.775,1.6081241910978927
2,0.0005,1.0,1.0,1.0,3.0157752713582755
2,0.0005,2.0,0.1,0.1,0.8651820454970195
2,0.0005,2.0,0.1,0.325,3.3440957165989524
2,0.0005,2.0,0.1,0.55,3.675823278081364
2,0.0005,2.0,0.1,0.775,3.8591512943015354
2,0.0005,2.0,0.1,1.0,4.017737076722122
2,0.0005,2.0,0.325,0.1,3.001242584456466
2,0.0005,2.0,0.325,0.325,1.895736331946977
2,0.0005,2.0,0.325,0.55,2.5728204748574974
2,0.0005,2.0,0.325,0.775,2.933559890311014
2,0.0005,2.0,0.325,1.0,3.158737457469789
2,0.0005,2.0,0.55,0.1,2.8210066006977903
2,0.0005,2.0,0.55,0.325,1.1209809294857218
2,0.0005,2.0,0.55,0.55,1.8533622085605195
2,0.0005,2.0,0.55,0.775,2.325170208483754
2,0.0005,2.0,0.55,1.0,2.632797449000251
2,0.0005,2.0,0.775,0.1,2.6733356580632543
2,0.0005,2.0,0.775,0.325,0.772962426911198
2,0.0005,2.0,0.775,0.55,1.3346139889706652
2,0.0005,2.0,0.775,0.775,1.8362026522537567
2,0.0005,2.0,0.775,1.0,0.39370850098471716
2,0.0005,2.0,1.0,0.1,2.6130931709484466
2,0.0005,2.0,1.0,0.325,0.6177226847706044
2,0.0005,2.0,1.0,0.55,0.9985392064126376
2,0.0005,2.0,1.0,0.775,0.2615882292009484
2,0.0005,2.0,1.0,1.0,2.6663219298858687
2,0.0005,5.0,0.1,0.1,nan
2,0.0005,5.0,0.1,0.325,nan
2,0.0005,5.0,0.1,0.55,nan
2,0.0005,5.0,0.1,0.775,nan
2,0.0005,5.0,0.1,1.0,nan
2,0.0005,5.0,0.325,0.1,nan
2,0.0005,5.0,0.325,0.325,nan
2,0.0005,5.0,0.325,0.55,nan
2,0.0005,5.0,0.325,0.775,nan
2,0.0005,5.0,0.325,1.0,nan
2,0.0005,5.0,0.55,0.1,nan
2,0.0005,5.0,0.55,0.325,nan
2,0.0005,5.0,0.55,0.55,nan
2,0.0005,5.0,0.55,0.775,nan
2,0.0005,5.0,0.55,1.0,nan
2,0.0005,5.0,0.775,0.1,nan
2,0.0005,5.0,0.775,0.325,nan
2,0.0005,5.0,0.775,0.55,nan
2,0.0005,5.0,0.775,0.775,nan
2,0.0005,5.0,0.775,1.0,nan
2,0.0005,5.0,1.0,0.1,nan
2,0.0005,5.0,1.0,0.325,nan
2,0.0005,5.0,1.0,0.55,nan
2,0.0005,5.0,1.0,0.775,nan
2,0.0005,5.0,1.0,1.0,nan
2,0.002321,0.5,0.1,0.1,1.1101529612734151
2,0.002321,0.5,0.1,0.325,1.5777692984855958
2,0.002321,0.5,0.1,0.55,2.130330206432676
2,0.002321,0.5,0.1,0.775,2.373737270564189
2,0.002321,0.5,0.1,1.0,2.793001352754621
2,0.002321,0.5,0.325,0.1,0.1606375043984895
2,0.002321,0.5,0.325,0.325,2.041968581504445
2,0.002321,0.5,0.325,0.55,0.4498924795545074
2,0.002321,0.5,0.325,0.775,0.2528855057504261
2,0.002321,0.5,0.325,1.0,0.31578942246979225
2,0.002321,0.5,0.55,0.1,0.1956153413381624
2,0.002321,0.5,0.55,0.325,4.117931820352561
2,0.002321,0.5,0.55,0.55,2.080451565200078
2,0.002321,0.5,0.55,0.775,0.7313619796911814
2,0.002321,0.5,0.55,1.0,0.4055942345679149
2,0.002321,0.5,0.775,0.1,0.03067583046225661
2,0.002321,0.5,0.775,0.325,4.510993301921469
2,0.002321,0.5,0.775,0.55,4.350976257160848
2,0.002321,0.5,0.775,0.775,2.021656226120369
2,0.002321,0.5,0.775,1.0,1.5187609289449648
2,0.002321,0.5,1.0,0.1,0.29303194644124825
2,0.002321,0.5,1.0,0.325,4.854988483703825
2,0.002321,0.5,1.0,0.55,3.7985840065759913
2,0.002321,0.5,1.0,0.775,3.385987888007526
2,0.002321,0.5,1.0,1.0,1.7473710593694847
2,0.002321,1.0,0.1,0.1,0.9042723031643325
2,0.002321,1.0,0.1,0.325,1.2750105950908424
2,0.002321,1.0,0.1,0.55,1.9876167193226948
2,0.002321,1.0,0.1,0.775,2.2855250838019234
2,0.002321,1.0,0.1,1.0,2.6986054057219913
2,0.002321,1.0,0.325,0.1,0.1475773388141092
2,0.002321,1.0,0.325,0.325,0.05772771145936424
2,0.002321,1.0,0.325,0.55,0.11786621659734155
2,0.002321,1.0,0.325,0.775,0.2002707166380483
2,0.002321,1.0,0.325,1.0,0.31484561398004407
2,0.002321,1.0,0.55,0.1,0.02829022496728722
2,0.002321,1.0,0.55,0.325,0.03209578404756497
2,0.002321,1.0,0.55,0.55,0.05307724468904792
2,0.002321,1.0,0.55,0.775,0.08312680148275774
2,0.002321,1.0,0.55,1.0,0.12293644821669049
2,0.002321,1.0,0.775,0.1,0.04798764081377144
2,0.002321,1.0,0.775,0.325,0.024795347554341693
2,0.002321,1.0,0.775,0.55,0.03721807085466415
2,0.002321,1.0,0.775,0.775,0.05035250806117884
2,0.002321,1.0,0.775,1.0,0.07125425128207455
2,0.002321,1.0,1.0,0.1,0.057705168884301446
2,0.002321,1.0,1.0,0.325,0.025618608799968287
2,0.002321,1.0,1.0,0.55,0.03206780591702327
2,0.002321,1.0,1.0,0.775,0.03805839138741431
2,0.002321,1.0,1.0,1.0,0.06409274789213748
2,0.002321,2.0,0.1,0.1,0.7556653022724681
2,0.002321,2.0,0.1,0.325,1.2808967015011852
2,0.002321,2.0,0.1,0.55,1.9882002037940318
2,0.002321,2.0,0.1,0.775,2.287815760271335
2,0.002321,2.0,0.1,1.0,2.717335727455097
2,0.002321,2.0,0.325,0.1,0.13202737111427434
2,0.002321,2.0,0.325,0.325,0.057095161774498956
2,0.002321,2.0,0.325,0.55,0.11846802534717485
2,0.002321,2.0,0.325,0.775,0.2010400438520113
2,0.002321,2.0,0.325,1.0,0.31683104006554647
2,0.002321,2.0,0.55,0.1,0.2046020140146146
2,0.002321,2.0,0.55,0.325,0.027304029590190782
2,0.002321,2.0,0.55,0.55,0.05192145241975882
2,0.002321,2.0,0.55,0.775,0.08339876268876434
2,0.002321,2.0,0.55,1.0,0.12358472202445862
2,0.002321,2.0,0.775,0.1,0.28704376826761446
2,0.002321,2.0,0.775,0.325,0.018062734941041304
2,0.002321,2.0,0.775,0.55,0.03192648476141115
2,0.002321,2.0,0.775,0.775,0.049428625195557546
2,0.002321,2.0,0.775,1.0,0.07142618768723528
2,0.002321,2.0,1.0,0.1,0.09860550449198298
2,0.002321,2.0,1.0,0.325,0.013873583350076877
2,0.002321,2.0,1.0,0.55,0.023080971765949095
2,0.002321,2.0,1.0,0.775,0.0345424804083405
2,0.002321,2.0,1.0,1.0,0.05626737622082201
2,0.002321,5.0,0.1,0.1,nan
2,0.002321,5.0,0.1,0.325,nan
2,0.002321,5.0,0.1,0.55,nan
2,0.002321,5.0,0.1,0.775,nan
2,0.002321,5.0,0.1,1.0,nan
2,0.002321,5.0,0.325,0.1,nan
2,0.002321,5.0,0.325,0.325,nan
2,0.002321,5.0,0.325,0.55,nan
2,0.002321,5.0,0.325,0.775,nan
2,0.002321,5.0,0.325,1.0,nan
2,0.002321,5.0,0.55,0.1,nan
2,0.002321,5.0,0.55,0.325,nan
2,0.002321,5.0,0.55,0.55,nan
2,0.002321,5.0,0.55,0.775,nan
2,0.002321,5.0,0.55,1.0,nan
2,0.002321,5.0,0.775,0.1,nan
2,0.002321,5.0,0.775,0.325,nan
2,0.002321,5.0,0.775,0.55,nan
2,0.002321,5.0,0.775,0.775,nan
2,0.002321,5.0,0.775,1.0,nan
2,0.002321,5.0,1.0,0.1,nan
2,0.002321,5.0,1.0,0.325,nan
2,0.002321,5.0,1.0,0.55,nan
2,0.002321,5.0,1.0,0.775,nan
2,0.002321,5.0,1.0,1.0,nan
2,0.010772,0.5,0.1,0.1,148.16592377413875
2,0.010772,0.5,0.1,0.325,9.89466514308759
2,0.010772,0.5,0.1,0.55,10.102414687871576
2,0.010772,0.5,0.1,0.775,10.171442650619031
2,0.010772,0.5,0.1,1.0,10.187157191055409
2,0.010772,0.5,0.325,0.1,95.36617654937295
2,0.010772,0.5,0.325,0.325,9.015376999557558
2,0.010772,0.5,0.325,0.55,5.361075074365657
2,0.010772,0.5,0.325,0.775,9.248798360141672
2,0.010772,0.5,0.325,1.0,5.969275604422053
2,0.010772,0.5,0.55,0.1,110.85387858256257
2,0.010772,0.5,0.55,0.325,6.424689582127671
2,0.010772,0.5,0.55,0.55,10.687298488189626
2,0.010772,0.5,0.55,0.775,7.375176990945588
2,0.010772,0.5,0.55,1.0,5.0442459943044025
2,0.010772,0.5,0.775,0.1,30.422287860043888
2,0.010772,0.5,0.775,0.325,9.241805819825704
2,0.010772,0.5,0.775,0.55,7.422454977556482
2,0.010772,0.5,0.775,0.775,10.354376618957687
2,0.010772,0.5,0.775,1.0,7.206272330921719
2,0.010772,0.5,1.0,0.1,18.557663579372004
2,0.010772,0.5,1.0,0.325,6.526875956630147
2,0.010772,0.5,1.0,0.55,3.8416274276915554
2,0.010772,0.5,1.0,0.775,3.9580152166718223
2,0.010772,0.5,1.0,1.0,11.11609729675532
2,0.010772,1.0,0.1,0.1,60.522940371455945
2,0.010772,1.0,0.1,0.325,9.800634171270653
2,0.010772,1.0,0.1,0.55,10.993230059539595
2,0.010772,1.0,0.1,0.775,10.075198573222039
2,0.010772,1.0,0.1,1.0,10.774181583092387
2,0.010772,1.0,0.325,0.1,136.26696626928293
2,0.010772,1.0,0.325,0.325,6.488136833179872
2,0.010772,1.0,0.325,0.55,8.150823967567717
2,0.010772,1.0,0.325,0.775,8.326596417223803
2,0.010772,1.0,0.325,1.0,4.069256781716058
2,0.010772,1.0,0.55,0.1,85.73216345522864
2,0.010772,1.0,0.55,0.325,3.9559130522658412
2,0.010772,1.0,0.55,0.55,3.7850786867329402
2,0.010772,1.0,0.55,0.775,4.834363496534367
2,0.010772,1.0,0.55,1.0,4.760228290226674
2,0.010772,1.0,0.775,0.1,15.879155570208585
2,0.010772,1.0,0.775,0.325,8.405893778765002
2,0.010772,1.0,0.775,0.55,6.97026523293467
2,0.010772,1.0,0.775,0.775,8.127664648002842
2,0.010772,1.0,0.775,1.0,1.0011234021237216
2,0.010772,1.0,1.0,0.1,5.081851925271673
2,0.010772,1.0,1.0,0.325,5.803639754868666
2,0.010772,1.0,1.0,0.55,3.8281763893818748
2,0.010772,1.0,1.0,0.775,7.945849441778098
2,0.010772,1.0,1.0,1.0,6.691601632016506
2,0.010772,2.0,0.1,0.1,91.46027492679775
2,0.010772,2.0,0.1,0.325,9.692835468710555
2,0.010772,2.0,0.1,0.55,10.667886340178573
2,0.010772,2.0,0.1,0.775,9.996910825688415
2,0.010772,2.0,0.1,1.0,9.685469656458254
2,0.010772,2.0,0.325,0.1,113.992921318651
2,0.010772,2.0,0.325,0.325,8.453576559804478
2,0.010772,2.0,0.325,0.55,8.26238305219281
2,0.010772,2.0,0.325,0.775,8.177730613420646
2,0.010772,2.0,0.325,1.0,5.490275933248213
2,0.010772,2.0,0.55,0.1,93.04187513791099
2,0.010772,2.0,0.55,0.325,7.169943679737461
2,0.010772,2.0,0.55,0.55,3.966401097077571
2,0.010772,2.0,0.55,0.775,7.043281498151895
2,0.010772,2.0,0.55,1.0,5.292247480496493
2,0.010772,2.0,0.775,0.1,29.137120653309324
2,0.010772,2.0,0.775,0.325,8.034075735634097
2,0.010772,2.0,0.775,0.55,4.125276261870424
2,0.010772,2.0,0.775,0.775,8.007666047126754
2,0.010772,2.0,0.775,1.0,0.981097016838254
2,0.010772,2.0,1.0,0.1,1.3466838409826147
2,0.010772,2.0,1.0,0.325,5.321887892884644
2,0.010772,2.0,1.0,0.55,3.8294811220947156
2,0.010772,2.0,1.0,0.775,8.021977829817757
2,0.010772,2.0,1.0,1.0,13.832478246903687
2,0.010772,5.0,0.1,0.1,nan
2,0.010772,5.0,0.1,0.325,nan
2,0.010772,5.0,0.1,0.55,nan
2,0.010772,5.0,0.1,0.775,nan
2,0.010772,5.0,0.1,1.0,nan
2,0.010772,5.0,0.325,0.1,nan
2,0.010772,5.0,0.325,0.325,nan
2,0.010772,5.0,0.325,0.55,nan
2,0.010772,5.0,0.325,0.775,nan
2,0.010772,5.0,0.325,1.0,nan
2,0.010772,5.0,0.55,0.1,nan
2,0.010772,5.0,0.55,0.325,nan
2,0.010772,5.0,0.55,0.55,nan
2,0.010772,5.0,0.55,0.775,nan
2,0.010772,5.0,0.55,1.0,nan
2,0.010772,5.0,0.775,0.1,nan
2,0.010772,5.0,0.775,0.325,nan
2,0.010772,5.0,0.775,0.55,nan
2,0.010772,5.0,0.775,0.775,nan
2,0.010772,5.0,0.775,1.0,nan
2,0.010772,5.0,1.0,0.1,nan
2,0.010772,5.0,1.0,0.325,nan
2,0.010772,5.0,1.0,0.55,nan
2,0.010772,5.0,1.0,0.775,nan
2,0.010772,5.0,1.0,1.0,nan
2,0.05,0.5,0.1,0.1,47.55895792182934
2,0.05,0.5,0.1,0.325,60.674419235980906
2,0.05,0.5,0.1,0.55,63.102560914714594
2,0.05,0.5,0.1,0.775,107.48559297794573
2,0.05,0.5,0.1,1.0,129.72372489683457
2,0.05,0.5,0.325,0.1,5.906629793555506
2,0.05,0.5,0.325,0.325,16.45658991237332
2,0.05,0.5,0.325,0.55,14.138129623351468
2,0.05,0.5,0.325,0.775,56.70749020678907
2,0.05,0.5,0.325,1.0,40.38002320582784
2,0.05,0.5,0.55,0.1,13.971865734318895
2,0.05,0.5,0.55,0.325,28.442258254877924
2,0.05,0.5,0.55,0.55,16.456589912373317
2,0.05,0.5,0.55,0.775,7.331822009514169
2,0.05,0.5,0.55,1.0,17.657342547593423
2,0.05,0.5,0.775,0.1,19.998761814534937
2,0.05,0.5,0.775,0.325,5.6296929530450175
2,0.05,0.5,0.775,0.55,7.3484608455190354
2,0.05,0.5,0.775,0.775,127.87354697438411
2,0.05,0.5,0.775,1.0,74.38659309589943
2,0.05,0.5,1.0,0.1,24.229405620724684
2,0.05,0.5,1.0,0.325,5.307562490021413
2,0.05,0.5,1.0,0.55,5.014030756473639
2,0.05,0.5,1.0,0.775,68.3579870101067
2,0.05,0.5,1.0,1.0,21.799375267256405
2,0.05,1.0,0.1,0.1,45.8777675752839
2,0.05,1.0,0.1,0.325,60.6922939508139
2,0.05,1.0,0.1,0.55,63.102560912579776
2,0.05,1.0,0.1,0.775,107.4855929779456
2,0.05,1.0,0.1,1.0,129.07478291141103
2,0.05,1.0,0.325,0.1,5.906629926348687
2,0.05,1.0,0.325,0.325,16.456589912373374
2,0.05,1.0,0.325,0.55,14.138109256629264
2,0.05,1.0,0.325,0.775,56.70749018694914
2,0.05,1.0,0.325,1.0,40.37196583766318
2,0.05,1.0,0.55,0.1,13.971874900190592
2,0.05,1.0,0.55,0.325,28.738630836002795
2,0.05,1.0,0.55,0.55,16.456589912373317
2,0.05,1.0,0.55,0.775,7.331820964667015
2,0.05,1.0,0.55,1.0,68.79566503852341
2,0.05,1.0,0.775,0.1,19.998958838938183
2,0.05,1.0,0.775,0.325,5.502862868825202
2,0.05,1.0,0.775,0.55,7.3484608455190354
2,0.05,1.0,0.775,0.775,127.8735469445172
2,0.05,1.0,0.775,1.0,15.432112437845602
2,0.05,1.0,1.0,0.1,24.23110224433121
2,0.05,1.0,1.0,0.325,5.307562490021395
2,0.05,1.0,1.0,0.55,5.014030756473576
2,0.05,1.0,1.0,0.775,18.15264141359694
2,0.05,1.0,1.0,1.0,21.014766766631972
2,0.05,2.0,0.1,0.1,45.87134214006434
2,0.05,2.0,0.1,0.325,60.68849040255054
2,0.05,2.0,0.1,0.55,63.102560912579776
2,0.05,2.0,0.1,0.775,107.4855929779456
2,0.05,2.0,0.1,1.0,104.68381492861133
2,0.05,2.0,0.325,0.1,5.906629926349273
2,0.05,2.0,0.325,0.325,16.45658991237334
2,0.05,2.0,0.325,0.55,39.48861903534619
2,0.05,2.0,0.325,0.775,56.70749018694914
2,0.05,2.0,0.325,1.0,40.3719603618804
2,0.05,2.0,0.55,0.1,13.971874900190826
2,0.05,2.0,0.55,0.325,28.738681412863677
2,0.05,2.0,0.55,0.55,16.456589912373317
2,0.05,2.0,0.55,0.775,48.73145761185248
2,0.05,2.0,0.55,1.0,17.657342548300043
2,0.05,2.0,0.775,0.1,19.99895883903147
2,0.05,2.0,0.775,0.325,5.502841619023725
2,0.05,2.0,0.775,0.55,7.3484608455190354
2,0.05,2.0,0.775,0.775,127.8735469445172
2,0.05,2.0,0.775,1.0,32.202875338477
2,0.05,2.0,1.0,0.1,24.23110225029925
2,0.05,2.0,1.0,0.325,5.307562490021389
2,0.05,2.0,1.0,0.55,5.014030756473576
2,0.05,2.0,1.0,0.775,18.15202066929581
2,0.05,2.0,1.0,1.0,18.74444033276209
2,0.05,5.0,0.1,0.1,nan
2,0.05,5.0,0.1,0.325,nan
2,0.05,5.0,0.1,0.55,nan
2,0.05,5.0,0.1,0.775,nan
2,0.05,5.0,0.1,1.0,nan
2,0.05,5.0,0.325,0.1,nan
2,0.05,5.0,0.325,0.325,nan
2,0.05,5.0,0.325,0.55,nan
2,0.05,5.0,0.325,0.775,nan
2,0.05,5.0,0.325,1.0,nan
2,0.05,5.0,0.55,0.1,nan
2,0.05,5.0,0.55,0.325,nan
2,0.05,5.0,0.55,0.55,nan
2,0.05,5.0,0.55,0.775,nan
2,0.05,5.0,0.55,1.0,nan
2,0.05,5.0,0.775,0.1,nan
2,0.05,5.0,0.775,0.325,nan
2,0.05,5.0,0.775,0.55,nan
2,0.05,5.0,0.775,0.775,nan
2,0.05,5.0,0.775,1.0,nan
2,0.05,5.0,1.0,0.1,nan
2,0.05,5.0,1.0,0.325,nan
2,0.05,5.0,1.0,0.55,nan
2,0.05,5.0,1.0,0.775,nan
2,0.05,5.0,1.0,1.0,nan
3,0.0005,0.5,0.1,0.1,11.239745016307273
3,0.0005,0.5,0.1,0.325,3.2262220549295377
3,0.0005,0.5,0.1,0.55,151.86176698288875
3,0.0005,0.5,0.1,0.775,13.501708362935863
3,0.0005,0.5,0.1,1.0,16.340839926957347
3,0.0005,0.5,0.325,0.1,7.316758998572703
3,0.0005,0.5,0.325,0.325,6.6407791632716
3,0.0005,0.5,0.325,0.55,2.4032495922744403
3,0.0005,0.5,0.325,0.775,12.275824326918643
3,0.0005,0.5,0.325,1.0,3.3658708907397834
3,0.0005,0.5,0.55,0.1,4.3442112240586495
3,0.0005,0.5,0.55,0.325,9.635610572614224
3,0.0005,0.5,0.55,0.55,6.246888468627487
3,0.0005,0.5,0.55,0.775,40.68413911250866
3,0.0005,0.5,0.55,1.0,4.676549462303923
3,0.0005,0.5,0.775,0.1,3.379897325404533
3,0.0005,0.5,0.775,0.325,9.268878960861532
3,0.0005,0.5,0.775,0.55,8.814749518390052
3,0.0005,0.5,0.775,0.775,2.29825292317046
3,0.0005,0.5,0.775,1.0,1.2692912663881986
3,0.0005,0.5,1.0,0.1,2.9833507950574987
3,0.0005,0.5,1.0,0.325,7.60819044993511
3,0.0005,0.5,1.0,0.55,9.67453283010529
3,0.0005,0.5,1.0,0.775,7.64190621371568
3,0.0005,0.5,1.0,1.0,1.0097817140847984
3,0.0005,1.0,0.1,0.1,2.3482393208885886
3,0.0005,1.0,0.1,0.325,2.8989109508291078
3,0.0005,1.0,0.1,0.55,176.2716745497618
3,0.0005,1.0,0.1,0.775,9.946013455292649
3,0.0005,1.0,0.1,1.0,7.137726865785414
3,0.0005,1.0,0.325,0.1,3.3492893352283883
3,0.0005,1.0,0.325,0.325,0.5138316731335052
3,0.0005,1.0,0.325,0.55,0.32904347336197304
3,0.0005,1.0,0.325,0.775,0.03248129408495325
3,0.0005,1.0,0.325,1.0,3.138512764547486
3,0.0005,1.0,0.55,0.1,2.98438905262785
3,0.0005,1.0,0.55,0.325,1.5114538415383187
3,0.0005,1.0,0.55,0.55,4.489432239028115
3,0.0005,1.0,0.55,0.775,2.2784354897577828
3,0.0005,1.0,0.55,1.0,1.4058264447784405
3,0.0005,1.0,0.775,0.1,2.581808461224316
3,0.0005,1.0,0.775,0.325,2.6381594470956733
3,0.0005,1.0,0.775,0.55,0.8849449618593132
3,0.0005,1.0,0.775,0.775,1.693295889266924
3,0.0005,1.0,0.775,1.0,0.40575768606806106
3,0.0005,1.0,1.0,0.1,2.402622009063007
3,0.0005,1.0,1.0,0.325,3.2848464449543804
3,0.0005,1.0,1.0,0.55,1.781578277670947
3,0.0005,1.0,1.0,0.775,0.16119155264332657
3,0.0005,1.0,1.0,1.0,0.033848327635439934
3,0.0005,2.0,0.1,0.1,1.5511467234474263
3,0.0005,2.0,0.1,0.325,2.599658958868119
3,0.0005,2.0,0.1,0.55,167.99421148835458
3,0.0005,2.0,0.1,0.775,17.38951414722712
3,0.0005,2.0,0.1,1.0,6.866427400991215
3,0.0005,2.0,0.325,0.1,0.7680174646060786
3,0.0005,2.0,0.325,0.325,0.21514365713178968
3,0.0005,2.0,0.325,0.55,0.022399366578146375
3,0.0005,2.0,0.325,0.775,136.97491595103284
3,0.0005,2.0,0.325,1.0,3.107577338473124
3,0.0005,2.0,0.55,0.1,1.3121431279617628
3,0.0005,2.0,0.55,0.325,0.24107722502739387
3,0.0005,2.0,0.55,0.55,0.9420125241774512
3,0.0005,2.0,0.55,0.775,2.183523167445934
3,0.0005,2.0,0.55,1.0,1.1428766548758924
3,0.0005,2.0,0.775,0.1,1.410767180272691
3,0.0005,2.0,0.775,0.325,0.383428982577704
3,0.0005,2.0,0.775,0.55,0.2737299490059989
3,0.0005,2.0,0.775,0.775,1.816138277720841
3,0.0005,2.0,0.775,1.0,0.3834217925400137
3,0.0005,2.0,1.0,0.1,1.424859636855664
3,0.0005,2.0,1.0,0.325,0.6306457235701315
3,0.0005,2.0,1.0,0.55,0.49738072874014067
3,0.0005,2.0,1.0,0.775,0.0730243642078187
3,0.0005,2.0,1.0,1.0,0.04175379593587443
3,0.0005,5.0,0.1,0.1,1.472225194687893
3,0.0005,5.0,0.1,0.325,1.009032017732606
3,0.0005,5.0,0.1,0.55,170.1044464031324
3,0.0005,5.0,0.1,0.775,5.092898725893367
3,0.0005,5.0,0.1,1.0,7.0336393681505545
3,0.0005,5.0,0.325,0.1,0.22083446404452595
3,0.0005,5.0,0.325,0.325,0.16700424291445554
3,0.0005,5.0,0.325,0.55,130.7918810679981
3,0.0005,5.0,0.325,0.775,135.3588238367623
3,0.0005,5.0,0.325,1.0,3.1071130827457734
3,0.0005,5.0,0.55,0.1,0.27206678205332174
3,0.0005,5.0,0.55,0.325,0.180049523236886
3,0.0005,5.0,0.55,0.55,0.0012055061436270762
3,0.0005,5.0,0.55,0.775,2.178231475703812
3,0.0005,5.0,0.55,1.0,1.4289053839571986
3,0.0005,5.0,0.775,0.1,0.327904950831566
3,0.0005,5.0,0.775,0.325,0.18439688763876555
3,0.0005,5.0,0.775,0.55,0.22128370204921588
3,0.0005,5.0,0.775,0.775,1.7979153416984652
3,0.0005,5.0,0.775,1.0,0.384698075435106
3,0.0005,5.0,1.0,0.1,0.36261375125524337
3,0.0005,5.0,1.0,0.325,0.19165206437118604
3,0.0005,5.0,1.0,0.55,0.31113803653903893
3,0.0005,5.0,1.0,0.775,0.07002603356699097
3,0.0005,5.0,1.0,1.0,0.03680287749658585
3,0.002321,0.5,0.1,0.1,0.988208269652209
3,0.002321,0.5,0.1,0.325,0.5463659548273184
3,0.002321,0.5,0.1,0.55,0.7612616693974856
3,0.002321,0.5,0.1,0.775,0.3501673125840673
3,0.002321,0.5,0.1,1.0,2.806293469338679
3,0.002321,0.5,0.325,0.1,0.04311867506683215
3,0.002321,0.5,0.325,0.325,1.951494467647612
3,0.002321,0.5,0.325,0.55,0.46384453269273995
3,0.002321,0.5,0.325,0.775,10.032575058575294
3,0.002321,0.5,0.325,1.0,0.4644174175890373
3,0.002321,0.5,0.55,0.1,0.0724823520886757
3,0.002321,0.5,0.55,0.325,4.78759368465436
3,0.002321,0.5,0.55,0.55,1.6355507764819959
3,0.002321,0.5,0.55,0.775,0.7336033893133985
3,0.002321,0.5,0.55,1.0,0.3114014371066603
3,0.002321,0.5,0.775,0.1,0.09072934757329645
3,0.002321,0.5,0.775,0.325,6.252604341495931
3,0.002321,0.5,0.775,0.55,3.062548062761717
3,0.002321,0.5,0.775,0.775,1.63238620570386
3,0.002321,0.5,0.775,1.0,0.8444718684992479
3,0.002321,0.5,1.0,0.1,0.28532672210983034
3,0.002321,0.5,1.0,0.325,5.965078368240698
3,0.002321,0.5,1.0,0.55,5.488677931017887
3,0.002321,0.5,1.0,0.775,2.6732691711687697
3,0.002321,0.5,1.0,1.0,0.17556677232063678
3,0.002321,1.0,0.1,0.1,0.8572036497271254
3,0.002321,1.0,0.1,0.325,0.33490464157281713
3,0.002321,1.0,0.1,0.55,0.2913650790472352
3,0.002321,1.0,0.1,0.775,0.2838958400620249
3,0.002321,1.0,0.1,1.0,2.551710171651956
3,0.002321,1.0,0.325,0.1,0.18784462776825978
3,0.002321,1.0,0.325,0.325,0.1006776158849608
3,0.002321,1.0,0.325,0.55,0.03791474820011555
3,0.002321,1.0,0.325,0.775,0.11310089518010233
3,0.002321,1.0,0.325,1.0,0.12037014987788763
3,0.002321,1.0,0.55,0.1,0.23012700247624424
3,0.002321,1.0,0.55,0.325,0.3000648116816446
3,0.002321,1.0,0.55,0.55,0.06104143171242682
3,0.002321,1.0,0.55,0.775,0.03765218863793367
3,0.002321,1.0,0.55,1.0,0.06011530088458965
3,0.002321,1.0,0.775,0.1,0.09243111853871137
3,0.002321,1.0,0.775,0.325,0.16373688259199878
3,0.002321,1.0,0.775,0.55,0.10456202310925498
3,0.002321,1.0,0.775,0.775,0.05276089498989762
3,0.002321,1.0,0.775,1.0,0.03763959812158291
3,0.002321,1.0,1.0,0.1,0.26721598361119003
3,0.002321,1.0,1.0,0.325,0.5745102123368628
3,0.002321,1.0,1.0,0.55,0.025678833046176686
3,0.002321,1.0,1.0,0.775,0.08621020635203502
3,0.002321,1.0,1.0,1.0,0.18081543375997874
3,0.002321,2.0,0.1,0.1,0.791969122826275
3,0.002321,2.0,0.1,0.325,0.33272577667036446
3,0.002321,2.0,0.1,0.55,0.2809791849577835
3,0.002321,2.0,0.1,0.775,2.0382041558139967
3,0.002321,2.0,0.1,1.0,2.5478637811172073
3,0.002321,2.0,0.325,0.1,0.16292606024219639
3,0.002321,2.0,0.325,0.325,0.07429807797958393
3,0.002321,2.0,0.325,0.55,0.016341110497897035
3,0.002321,2.0,0.325,0.775,0.08530591724768898
3,0.002321,2.0,0.325,1.0,0.25157490609154726
3,0.002321,2.0,0.55,0.1,0.20298302040004626
3,0.002321,2.0,0.55,0.325,0.19324171977355603
3,0.002321,2.0,0.55,0.55,0.006690227586718285
3,0.002321,2.0,0.55,0.775,0.014225566837200589
3,0.002321,2.0,0.55,1.0,0.06050541136958875
3,0.002321,2.0,0.775,0.1,0.08714656228481768
3,0.002321,2.0,0.775,0.325,0.05344193135896988
3,0.002321,2.0,0.775,0.55,0.0016367553677356693
3,0.002321,2.0,0.775,0.775,0.0075180850106704
3,0.002321,2.0,0.775,1.0,0.03591984158879242
3,0.002321,2.0,1.0,0.1,0.23537253297716532
3,0.002321,2.0,1.0,0.325,0.31308040611582677
3,0.002321,2.0,1.0,0.55,0.0005197284145973102
3,0.002321,2.0,1.0,0.775,0.0032757463331529843
3,0.002321,2.0,1.0,1.0,0.17812070615294678
3,0.002321,5.0,0.1,0.1,0.6566822471271431
3,0.002321,5.0,0.1,0.325,0.32883461616881077
3,0.002321,5.0,0.1,0.55,0.2799098373364909
3,0.002321,5.0,0.1,0.775,2.0349550720383096
3,0.002321,5.0,0.1,1.0,2.5466695531956365
3,0.002321,5.0,0.325,0.1,0.11556872357980123
3,0.002321,5.0,0.325,0.325,0.06732782994460053
3,0.002321,5.0,0.325,0.55,0.020957294438848674
3,0.002321,5.0,0.325,0.775,0.0853260346379899
3,0.002321,5.0,0.325,1.0,0.2532152758188336
3,0.002321,5.0,0.55,0.1,0.12487955019011088
3,0.002321,5.0,0.55,0.325,0.19264727631164005
3,0.002321,5.0,0.55,0.55,0.08780720989165121
3,0.002321,5.0,0.55,0.775,0.011111563712564512
3,0.002321,5.0,0.55,1.0,0.06223794419035533
3,0.002321,5.0,0.775,0.1,0.05928285253927725
3,0.002321,5.0,0.775,0.325,0.07453996734816794
3,0.002321,5.0,0.775,0.55,0.05024311372747413
3,0.002321,5.0,0.775,0.775,0.0036838847746851937
3,0.002321,5.0,0.775,1.0,0.03837626925634645
3,0.002321,5.0,1.0,0.1,0.12485455385280883
3,0.002321,5.0,1.0,0.325,0.2999721166949644
3,0.002321,5.0,1.0,0.55,0.008627526649910023
3,0.002321,5.0,1.0,0.775,0.0006412666258602274
3,0.002321,5.0,1.0,1.0,0.13510732341833312
3,0.010772,0.5,0.1,0.1,30.101581792909144
3,0.010772,0.5,0.1,0.325,5.552090383813049
3,0.010772,0.5,0.1,0.55,7.462004822675631
3,0.010772,0.5,0.1,0.775,4.435492779570557
3,0.010772,0.5,0.1,1.0,7.495460609003926
3,0.010772,0.5,0.325,0.1,0.22797878372438224
3,0.010772,0.5,0.325,0.325,7.3820799961672
3,0.010772,0.5,0.325,0.55,115.4260808800393
3,0.010772,0.5,0.325,0.775,4.6988069702930995
3,0.010772,0.5,0.325,1.0,1.3281886722683454
3,0.010772,0.5,0.55,0.1,57.50466529213078
3,0.010772,0.5,0.55,0.325,15.636061602663224
3,0.010772,0.5,0.55,0.55,1.9635559573269707
3,0.010772,0.5,0.55,0.775,0.3114699928913283
3,0.010772,0.5,0.55,1.0,1.9035904894237712
3,0.010772,0.5,0.775,0.1,11.991973058041483
3,0.010772,0.5,0.775,0.325,1.745110895424751
3,0.010772,0.5,0.775,0.55,7.705004793986064
3,0.010772,0.5,0.775,0.775,16.662042721432428
3,0.010772,0.5,0.775,1.0,0.593375112353516
3,0.010772,0.5,1.0,0.1,3.7082374655328105
3,0.010772,0.5,1.0,0.325,6.008250257158636
3,0.010772,0.5,1.0,0.55,0.2374628737532119
3,0.010772,0.5,1.0,0.775,2.5128489682853843
3,0.010772,0.5,1.0,1.0,0.5941264390634159
3,0.010772,1.0,0.1,0.1,2.7082178330411737
3,0.010772,1.0,0.1,0.325,7.102746490570681
3,0.010772,1.0,0.1,0.55,4.803802949538747
3,0.010772,1.0,0.1,0.775,4.361558718523788
3,0.010772,1.0,0.1,1.0,8.78718559102975
3,0.010772,1.0,0.325,0.1,0.11568712537225397
3,0.010772,1.0,0.325,0.325,1.3926000909053542
3,0.010772,1.0,0.325,0.55,5.049441842015162
3,0.010772,1.0,0.325,0.775,5.321828691907628
3,0.010772,1.0,0.325,1.0,1.130672696906498
3,0.010772,1.0,0.55,0.1,6.763455734141686
3,0.010772,1.0,0.55,0.325,4.399503053506612
3,0.010772,1.0,0.55,0.55,2.607664549336243
3,0.010772,1.0,0.55,0.775,1.3943343429648118
3,0.010772,1.0,0.55,1.0,1.0541016553153093
3,0.010772,1.0,0.775,0.1,4.462522305648013
3,0.010772,1.0,0.775,0.325,4.047699299405591
3,0.010772,1.0,0.775,0.55,1.0550860536216304
3,0.010772,1.0,0.775,0.775,2.0671976664853693
3,0.010772,1.0,0.775,1.0,0.3983767446864168
3,0.010772,1.0,1.0,0.1,2.9473124093899954
3,0.010772,1.0,1.0,0.325,0.537301750576844
3,0.010772,1.0,1.0,0.55,2.158024939781807
3,0.010772,1.0,1.0,0.775,1.3572344045721858
3,0.010772,1.0,1.0,1.0,2.4760654997945766
3,0.010772,2.0,0.1,0.1,6.164751414671364
3,0.010772,2.0,0.1,0.325,6.109313196492513
3,0.010772,2.0,0.1,0.55,4.726571470552106
3,0.010772,2.0,0.1,0.775,6.71318063572426
3,0.010772,2.0,0.1,1.0,9.661283352572962
3,0.010772,2.0,0.325,0.1,16.569055274295916
3,0.010772,2.0,0.325,0.325,1.941795927286722
3,0.010772,2.0,0.325,0.55,6.526578619694464
3,0.010772,2.0,0.325,0.775,5.918815009895537
3,0.010772,2.0,0.325,1.0,1.0655079456832068
3,0.010772,2.0,0.55,0.1,4.17928686430453
3,0.010772,2.0,0.55,0.325,0.6640563208334724
3,0.010772,2.0,0.55,0.55,2.910533318001366
3,0.010772,2.0,0.55,0.775,2.3599607824914686
3,0.010772,2.0,0.55,1.0,1.210151931281371
3,0.010772,2.0,0.775,0.1,2.574645235833198
3,0.010772,2.0,0.775,0.325,1.2170203821727132
3,0.010772,2.0,0.775,0.55,2.087051990345812
3,0.010772,2.0,0.775,0.775,1.575844183470114
3,0.010772,2.0,0.775,1.0,1.4554296572431074
3,0.010772,2.0,1.0,0.1,1.2049935772948677
3,0.010772,2.0,1.0,0.325,0.6420326648586642
3,0.010772,2.0,1.0,0.55,2.0421438005767265
3,0.010772,2.0,1.0,0.775,0.4851306290947026
3,0.010772,2.0,1.0,1.0,1.2176173862245754
3,0.010772,5.0,0.1,0.1,5.290079723624849
3,0.010772,5.0,0.1,0.325,4.416108787324809
3,0.010772,5.0,0.1,0.55,4.268559391912447
3,0.010772,5.0,0.1,0.775,16.5928155958742
3,0.010772,5.0,0.1,1.0,9.725252084179504
3,0.010772,5.0,0.325,0.1,0.2907550557223715
3,0.010772,5.0,0.325,0.325,1.7845547465752218
3,0.010772,5.0,0.325,0.55,3.4081193704242705
3,0.010772,5.0,0.325,0.775,6.904710363360382
3,0.010772,5.0,0.325,1.0,1.313277894582494
3,0.010772,5.0,0.55,0.1,3.071575995157084
3,0.010772,5.0,0.55,0.325,1.9262497354866135
3,0.010772,5.0,0.55,0.55,0.4159792728521566
3,0.010772,5.0,0.55,0.775,1.8092631951223965
3,0.010772,5.0,0.55,1.0,1.1166605717589337
3,0.010772,5.0,0.775,0.1,2.476038724518252
3,0.010772,5.0,0.775,0.325,1.2351410033683528
3,0.010772,5.0,0.775,0.55,0.7040473071583454
3,0.010772,5.0,0.775,0.775,1.6182880804821458
3,0.010772,5.0,0.775,1.0,1.270098171261129
3,0.010772,5.0,1.0,0.1,0.8249837101968257
3,0.010772,5.0,1.0,0.325,2.0598212415063912
3,0.010772,5.0,1.0,0.55,2.6131268915147547
3,0.010772,5.0,1.0,0.775,1.292611265232997
3,0.010772,5.0,1.0,1.0,0.735959173903324
3,0.05,0.5,0.1,0.1,136.4409506137668
3,0.05,0.5,0.1,0.325,139.22004362041633
3,0.05,0.5,0.1,0.55,197.05892583429892
3,0.05,0.5,0.1,0.775,64.58760044008287
3,0.05,0.5,0.1,1.0,83.61589630293406
3,0.05,0.5,0.325,0.1,4.9330468786474
3,0.05,0.5,0.325,0.325,124.63909463710633
3,0.05,0.5,0.325,0.55,52.787058347406834
3,0.05,0.5,0.325,0.775,51.387839011472025
3,0.05,0.5,0.325,1.0,7.47136946019031
3,0.05,0.5,0.55,0.1,0.31049959315043874
3,0.05,0.5,0.55,0.325,260.7533801860245
3,0.05,0.5,0.55,0.55,10.930654558706554
3,0.05,0.5,0.55,0.775,16.624286350188445
3,0.05,0.5,0.55,1.0,28.166531582968645
3,0.05,0.5,0.775,0.1,3.636329748343394
3,0.05,0.5,0.775,0.325,162.49848868296223
3,0.05,0.5,0.775,0.55,13.383449222367126
3,0.05,0.5,0.775,0.775,25.65994526724034
3,0.05,0.5,0.775,1.0,34.18585313260774
3,0.05,0.5,1.0,0.1,7.609588199896874
3,0.05,0.5,1.0,0.325,24.617484830308715
3,0.05,0.5,1.0,0.55,7.195567138689107
3,0.05,0.5,1.0,0.775,16.249358362376128
3,0.05,0.5,1.0,1.0,0.31282474137090577
3,0.05,1.0,0.1,0.1,139.93116050300983
3,0.05,1.0,0.1,0.325,145.43875838475927
3,0.05,1.0,0.1,0.55,197.0157788697564
3,0.05,1.0,0.1,0.775,116.97210259298981
3,0.05,1.0,0.1,1.0,167.02259064608543
3,0.05,1.0,0.325,0.1,4.875329976569099
3,0.05,1.0,0.325,0.325,109.67176947097981
3,0.05,1.0,0.325,0.55,52.7869713715572
3,0.05,1.0,0.325,0.775,52.11137818327366
3,0.05,1.0,0.325,1.0,12.48288091111004
3,0.05,1.0,0.55,0.1,0.31051045192815435
3,0.05,1.0,0.55,0.325,260.3570863432643
3,0.05,1.0,0.55,0.55,10.930387299358882
3,0.05,1.0,0.55,0.775,27.566722823778118
3,0.05,1.0,0.55,1.0,33.914802958164195
3,0.05,1.0,0.775,0.1,3.636337397927394
3,0.05,1.0,0.775,0.325,162.49848853208834
3,0.05,1.0,0.775,0.55,13.29435105420592
3,0.05,1.0,0.775,0.775,7.9483269081720085
3,0.05,1.0,0.775,1.0,26.1322106938831
3,0.05,1.0,1.0,0.1,7.609599320443446
3,0.05,1.0,1.0,0.325,66.00384279672916
3,0.05,1.0,1.0,0.55,15.126354781179167
3,0.05,1.0,1.0,0.775,2.06052571430566
3,0.05,1.0,1.0,1.0,19.03695097658635
3,0.05,2.0,0.1,0.1,137.3884342838368
3,0.05,2.0,0.1,0.325,145.30357769622634
3,0.05,2.0,0.1,0.55,197.01528324961768
3,0.05,2.0,0.1,0.775,112.95349334365355
3,0.05,2.0,0.1,1.0,119.77281250438064
3,0.05,2.0,0.325,0.1,118.23048022330337
3,0.05,2.0,0.325,0.325,109.8290504546704
3,0.05,2.0,0.325,0.55,52.78697137155055
3,0.05,2.0,0.325,0.775,52.90648737178354
3,0.05,2.0,0.325,1.0,69.73645468493791
3,0.05,2.0,0.55,0.1,0.31051045193210985
3,0.05,2.0,0.55,0.325,260.3557675547272
3,0.05,2.0,0.55,0.55,10.93038729933986
3,0.05,2.0,0.55,0.775,27.588532782263854
3,0.05,2.0,0.55,1.0,26.67292928988065
3,0.05,2.0,0.775,0.1,3.6363373979278655
3,0.05,2.0,0.775,0.325,162.49848853208823
3,0.05,2.0,0.775,0.55,13.294351048577296
3,0.05,2.0,0.775,0.775,2.2382926025208563
3,0.05,2.0,0.775,1.0,11.484947165096532
3,0.05,2.0,1.0,0.1,7.609599320444122
3,0.05,2.0,1.0,0.325,66.637216954641
3,0.05,2.0,1.0,0.55,7.195567225883272
3,0.05,2.0,1.0,0.775,2.615688406156777
3,0.05,2.0,1.0,1.0,12.352681586404842
3,0.05,5.0,0.1,0.1,137.15580492661917
3,0.05,5.0,0.1,0.325,145.30598903908216
3,0.05,5.0,0.1,0.55,197.0152832207798
3,0.05,5.0,0.1,0.775,112.90554204505906
3,0.05,5.0,0.1,1.0,119.78879111140975
3,0.05,5.0,0.325,0.1,115.92868891725949
3,0.05,5.0,0.325,0.325,109.82911873223611
3,0.05,5.0,0.325,0.55,52.78697137155055
3,0.05,5.0,0.325,0.775,52.87633551234279
3,0.05,5.0,0.325,1.0,68.25208060758645
3,0.05,5.0,0.55,0.1,0.31051045193211224
3,0.05,5.0,0.55,0.325,260.3557675422009
3,0.05,5.0,0.55,0.55,10.93038729933986
3,0.05,5.0,0.55,0.775,26.166742330904054
3,0.05,5.0,0.55,1.0,24.59925312665891
3,0.05,5.0,0.775,0.1,3.6363373979278784
3,0.05,5.0,0.775,0.325,162.49848853208803
3,0.05,5.0,0.775,0.55,13.294351048577354
3,0.05,5.0,0.775,0.775,12.501068072646179
3,0.05,5.0,0.775,1.0,4.1291932733487995
3,0.05,5.0,1.0,0.1,7.60959932044411
3,0.05,5.0,1.0,0.325,66.6419403717614
3,0.05,5.0,1.0,0.55,4.581111098204658
3,0.05,5.0,1.0,0.775,9.51817783845365
3,0.05,5.0,1.0,1.0,12.23392430525618
4,0.0005,0.5,0.1,0.1,7.426045197858106
4,0.0005,0.5,0.1,0.325,8.501090794220543
4,0.0005,0.5,0.1,0.55,213.39193038747376
4,0.0005,0.5,0.1,0.775,33.332952452526044
4,0.0005,0.5,0.1,1.0,44.40709820003444
4,0.0005,0.5,0.325,0.1,5.2592120630631385
4,0.0005,0.5,0.325,0.325,49.989517382757505
4,0.0005,0.5,0.325,0.55,40.3454891570151
4,0.0005,0.5,0.325,0.775,17.879197002745663
4,0.0005,0.5,0.325,1.0,3.654097138969194
4,0.0005,0.5,0.55,0.1,3.646088134607974
4,0.0005,0.5,0.55,0.325,32.27495929889114
4,0.0005,0.5,0.55,0.55,39.91016761137672
4,0.0005,0.5,0.55,0.775,5.655970309777815
4,0.0005,0.5,0.55,1.0,1.2426619615252887
4,0.0005,0.5,0.775,0.1,3.013198407066046
4,0.0005,0.5,0.775,0.325,23.95202449501484
4,0.0005,0.5,0.775,0.55,24.18157207098045
4,0.0005,0.5,0.775,0.775,9.564866016475113
4,0.0005,0.5,0.775,1.0,0.7009421163745835
4,0.0005,0.5,1.0,0.1,2.7486860184795985
4,0.0005,0.5,1.0,0.325,12.644075053472308
4,0.0005,0.5,1.0,0.55,13.693791446617753
4,0.0005,0.5,1.0,0.775,1.0241854640205945
4,0.0005,0.5,1.0,1.0,0.09481167890976068
4,0.0005,1.0,0.1,0.1,1.825596963552828
4,0.0005,1.0,0.1,0.325,0.5610381929582715
4,0.0005,1.0,0.1,0.55,176.02377395512022
4,0.0005,1.0,0.1,0.775,38.64791476152186
4,0.0005,1.0,0.1,1.0,6.964261306939214
4,0.0005,1.0,0.325,0.1,2.4490218139621565
4,0.0005,1.0,0.325,0.325,10.398177940130763
4,0.0005,1.0,0.325,0.55,0.21669618238319752
4,0.0005,1.0,0.325,0.775,0.046892882506194986
4,0.0005,1.0,0.325,1.0,2.8387559036697
4,0.0005,1.0,0.55,0.1,2.4489901108964043
4,0.0005,1.0,0.55,0.325,9.698126977076164
4,0.0005,1.0,0.55,0.55,9.002801183293428
4,0.0005,1.0,0.55,0.775,1.9045512034136867
4,0.0005,1.0,0.55,1.0,2.112335374011383
4,0.0005,1.0,0.775,0.1,2.2395371228030387
4,0.0005,1.0,0.775,0.325,12.207076900335947
4,0.0005,1.0,0.775,0.55,2.373013102777115
4,0.0005,1.0,0.775,0.775,0.5493683468787424
4,0.0005,1.0,0.775,1.0,0.4440817037743251
4,0.0005,1.0,1.0,0.1,2.124982805536653
4,0.0005,1.0,1.0,0.325,6.878285663275274
4,0.0005,1.0,1.0,0.55,4.724008153279413
4,0.0005,1.0,1.0,0.775,0.3419613300453846
4,0.0005,1.0,1.0,1.0,0.11016339979471419
4,0.0005,2.0,0.1,0.1,1.1974720329135278
4,0.0005,2.0,0.1,0.325,0.5188242882537303
4,0.0005,2.0,0.1,0.55,174.5718730767363
4,0.0005,2.0,0.1,0.775,4.265579067387463
4,0.0005,2.0,0.1,1.0,5.821906547434528
4,0.0005,2.0,0.325,0.1,0.6373889620056845
4,0.0005,2.0,0.325,0.325,0.12371243270132691
4,0.0005,2.0,0.325,0.55,153.73453483172077
4,0.0005,2.0,0.325,0.775,119.92312505458871
4,0.0005,2.0,0.325,1.0,3.417817249446845
4,0.0005,2.0,0.55,0.1,1.075460981374949
4,0.0005,2.0,0.55,0.325,2.7246965360441697
4,0.0005,2.0,0.55,0.55,76.61268142653633
4,0.0005,2.0,0.55,0.775,1.2931655091962593
4,0.0005,2.0,0.55,1.0,0.690989604199403
4,0.0005,2.0,0.775,0.1,1.2087046096302947
4,0.0005,2.0,0.775,0.325,3.325377953919018
4,0.0005,2.0,0.775,0.55,0.33759056600240467
4,0.0005,2.0,0.775,0.775,0.10387791517186347
4,0.0005,2.0,0.775,1.0,0.4338944412755501
4,0.0005,2.0,1.0,0.1,1.248623677295998
4,0.0005,2.0,1.0,0.325,2.3013133867493853
4,0.0005,2.0,1.0,0.55,1.1718237838711838
4,0.0005,2.0,1.0,0.775,0.29500599076227074
4,0.0005,2.0,1.0,1.0,0.11975383145165464
4,0.0005,5.0,0.1,0.1,0.9163705274041053
4,0.0005,5.0,0.1,0.325,0.4972199461338337
4,0.0005,5.0,0.1,0.55,174.5807187477574
4,0.0005,5.0,0.1,0.775,4.561221703620627
4,0.0005,5.0,0.1,1.0,5.092024768594419
4,0.0005,5.0,0.325,0.1,0.20556821613823426
4,0.0005,5.0,0.325,0.325,0.003362310298462894
4,0.0005,5.0,0.325,0.55,0.0013775234831733148
4,0.0005,5.0,0.325,0.775,2.6708301451057266
4,0.0005,5.0,0.325,1.0,2.7946336860113683
4,0.0005,5.0,0.55,0.1,0.27023599190999736
4,0.0005,5.0,0.55,0.325,0.2891805896935743
4,0.0005,5.0,0.55,0.55,137.0735006409726
4,0.0005,5.0,0.55,0.775,1.9923789137522947
4,0.0005,5.0,0.55,1.0,0.6798303107048514
4,0.0005,5.0,0.775,0.1,0.3306047507343059
4,0.0005,5.0,0.775,0.325,0.8653979968064516
4,0.0005,5.0,0.775,0.55,0.2485134253570511
4,0.0005,5.0,0.775,0.775,0.08752705476947366
4,0.0005,5.0,0.775,1.0,0.4331209869074896
4,0.0005,5.0,1.0,0.1,0.36867476373746805
4,0.0005,5.0,1.0,0.325,0.6125448818249828
4,0.0005,5.0,1.0,0.55,0.34860802250626977
4,0.0005,5.0,1.0,0.775,0.27083229617161786
4,0.0005,5.0,1.0,1.0,0.1642590637961042
4,0.002321,0.5,0.1,0.1,0.9836436673425767
4,0.002321,0.5,0.1,0.325,0.47588869754740454
4,0.002321,0.5,0.1,0.55,0.40698823572947107
4,0.002321,0.5,0.1,0.775,0.31479096297847603
4,0.002321,0.5,0.1,1.0,3.0072272224183503
4,0.002321,0.5,0.325,0.1,0.04098648074878106
4,0.002321,0.5,0.325,0.325,1.311304725856556
4,0.002321,0.5,0.325,0.55,0.34420556955672427
4,0.002321,0.5,0.325,0.775,2.3363383433842033
4,0.002321,0.5,0.325,1.0,1.774878157640425
4,0.002321,0.5,0.55,0.1,0.34202530370475537
4,0.002321,0.5,0.55,0.325,2.859240818048677
4,0.002321,0.5,0.55,0.55,0.9687555956244831
4,0.002321,0.5,0.55,0.775,0.44092903945477707
4,0.002321,0.5,0.55,1.0,0.16026079246189195
4,0.002321,0.5,0.775,0.1,0.10089491754694233
4,0.002321,0.5,0.775,0.325,4.246132265741486
4,0.002321,0.5,0.775,0.55,1.9972067534395759
4,0.002321,0.5,0.775,0.775,0.9361341936453348
4,0.002321,0.5,0.775,1.0,0.38734268168155084
4,0.002321,0.5,1.0,0.1,0.4646489261101327
4,0.002321,0.5,1.0,0.325,4.4571558309068875
4,0.002321,0.5,1.0,0.55,2.727529071695118
4,0.002321,0.5,1.0,0.775,1.3136802280675053
4,0.002321,0.5,1.0,1.0,0.22735581612720757
4,0.002321,1.0,0.1,0.1,0.886519953773793
4,0.002321,1.0,0.1,0.325,0.33210272151384074
4,0.002321,1.0,0.1,0.55,0.28732659229011565
4,0.002321,1.0,0.1,0.775,0.28661404276099894
4,0.002321,1.0,0.1,1.0,2.5580483791266913
4,0.002321,1.0,0.325,0.1,0.28100759534023234
4,0.002321,1.0,0.325,0.325,0.12480897695131442
4,0.002321,1.0,0.325,0.55,0.04809413934747951
4,0.002321,1.0,0.325,0.775,0.0992622069164124
4,0.002321,1.0,0.325,1.0,0.11953217985226801
4,0.002321,1.0,0.55,0.1,0.37713495854721424
4,0.002321,1.0,0.55,0.325,0.2905016160604665
4,0.002321,1.0,0.55,0.55,0.06887531847291824
4,0.002321,1.0,0.55,0.775,0.05194582475487253
4,0.002321,1.0,0.55,1.0,0.05854741877200441
4,0.002321,1.0,0.775,0.1,0.23304557819113553
4,0.002321,1.0,0.775,0.325,0.06293354967588692
4,0.002321,1.0,0.775,0.55,0.1318821368198847
4,0.002321,1.0,0.775,0.775,0.10890675940058991
4,0.002321,1.0,0.775,1.0,0.03628324007489322
4,0.002321,1.0,1.0,0.1,0.2911468859310559
4,0.002321,1.0,1.0,0.325,0.5559373186775294
4,0.002321,1.0,1.0,0.55,0.10163490441961949
4,0.002321,1.0,1.0,0.775,0.018334702746288026
4,0.002321,1.0,1.0,1.0,0.25111916787222577
4,0.002321,2.0,0.1,0.1,0.84480664517667
4,0.002321,2.0,0.1,0.325,0.3262107927022229
4,0.002321,2.0,0.1,0.55,0.281552886254299
4,0.002321,2.0,0.1,0.775,2.1152429410492672
4,0.002321,2.0,0.1,1.0,2.5518724793068723
4,0.002321,2.0,0.325,0.1,0.26699621490765296
4,0.002321,2.0,0.325,0.325,0.10617650921903707
4,0.002321,2.0,0.325,0.55,0.005447543114643917
4,0.002321,2.0,0.325,0.775,0.08578776633138685
4,0.002321,2.0,0.325,1.0,0.1126937843069908
4,0.002321,2.0,0.55,0.1,0.3493983017145393
4,0.002321,2.0,0.55,0.325,0.21350912154204593
4,0.002321,2.0,0.55,0.55,0.003132163159779651
4,0.002321,2.0,0.55,0.775,0.02737272089025511
4,0.002321,2.0,0.55,1.0,0.05709803477145272
4,0.002321,2.0,0.775,0.1,0.22994533163640618
4,0.002321,2.0,0.775,0.325,0.021709821673414217
4,0.002321,2.0,0.775,0.55,0.01937022992642267
4,0.002321,2.0,0.775,0.775,0.020031971789599517
4,0.002321,2.0,0.775,1.0,0.033279053930926644
4,0.002321,2.0,1.0,0.1,0.2804419551946048
4,0.002321,2.0,1.0,0.325,0.15350848031640088
4,0.002321,2.0,1.0,0.55,0.07468536492890726
4,0.002321,2.0,1.0,0.775,0.046674167587927404
4,0.002321,2.0,1.0,1.0,0.23172186498056746
4,0.002321,5.0,0.1,0.1,0.8060888813908154
4,0.002321,5.0,0.1,0.325,0.3236993487306019
4,0.002321,5.0,0.1,0.55,0.2805474870233877
4,0.002321,5.0,0.1,0.775,0.27803716516613175
4,0.002321,5.0,0.1,1.0,2.545981715027246
4,0.002321,5.0,0.325,0.1,0.20084937012395795
4,0.002321,5.0,0.325,0.325,0.10948386624348536
4,0.002321,5.0,0.325,0.55,0.035584914604619725
4,0.002321,5.0,0.325,0.775,0.08576392022617106
4,0.002321,5.0,0.325,1.0,0.2523769554443014
4,0.002321,5.0,0.55,0.1,0.23829003419815514
4,0.002321,5.0,0.55,0.325,0.22303215284970748
4,0.002321,5.0,0.55,0.55,0.054114578987985204
4,0.002321,5.0,0.55,0.775,0.04281322888154908
4,0.002321,5.0,0.55,1.0,0.061041060660866224
4,0.002321,5.0,0.775,0.1,0.15520921834892484
4,0.002321,5.0,0.775,0.325,0.046655366962527194
4,0.002321,5.0,0.775,0.55,0.053734164861057705
4,0.002321,5.0,0.775,0.775,0.0087822634797946
4,0.002321,5.0,0.775,1.0,0.03590871521547524
4,0.002321,5.0,1.0,0.1,0.1829967666300632
4,0.002321,5.0,1.0,0.325,0.20217380632063398
4,0.002321,5.0,1.0,0.55,0.21079299157408457
4,0.002321,5.0,1.0,0.775,0.025959972060186444
4,0.002321,5.0,1.0,1.0,0.03305372436010212
4,0.010772,0.5,0.1,0.1,10.50396572512337
4,0.010772,0.5,0.1,0.325,8.75550852649099
4,0.010772,0.5,0.1,0.55,0.31373303453848794
4,0.010772,0.5,0.1,0.775,2.574016131431093
4,0.010772,0.5,0.1,1.0,12.70256823275123
4,0.010772,0.5,0.325,0.1,0.47625863772569815
4,0.010772,0.5,0.325,0.325,7.4006621431162225
4,0.010772,0.5,0.325,0.55,4.497365278211671
4,0.010772,0.5,0.325,0.775,21.822047382565476
4,0.010772,0.5,0.325,1.0,3.8069508090011634
4,0.010772,0.5,0.55,0.1,65.54512922749328
4,0.010772,0.5,0.55,0.325,13.046406439835728
4,0.010772,0.5,0.55,0.55,8.601969943414872
4,0.010772,0.5,0.55,0.775,76.89501982981906
4,0.010772,0.5,0.55,1.0,1.0063916063072489
4,0.010772,0.5,0.775,0.1,9.497181702977109
4,0.010772,0.5,0.775,0.325,1.5584012832376155
4,0.010772,0.5,0.775,0.55,6.634560284926948
4,0.010772,0.5,0.775,0.775,4.667438949927497
4,0.010772,0.5,0.775,1.0,0.6662800094369254
4,0.010772,0.5,1.0,0.1,1.7640463230508943
4,0.010772,0.5,1.0,0.325,0.11445790635395726
4,0.010772,0.5,1.0,0.55,11.57077511787725
4,0.010772,0.5,1.0,0.775,0.4173699680597233
4,0.010772,0.5,1.0,1.0,0.7083036561871878
4,0.010772,1.0,0.1,0.1,6.337149381387571
4,0.010772,1.0,0.1,0.325,4.047097332977156
4,0.010772,1.0,0.1,0.55,3.7298674439664454
4,0.010772,1.0,0.1,0.775,5.950078883999073
4,0.010772,1.0,0.1,1.0,7.839932337240204
4,0.010772,1.0,0.325,0.1,7.322199514217039
4,0.010772,1.0,0.325,0.325,7.075839485226945
4,0.010772,1.0,0.325,0.55,3.0735398996473777
4,0.010772,1.0,0.325,0.775,2.7002308462849265
4,0.010772,1.0,0.325,1.0,0.6615121141878524
4,0.010772,1.0,0.55,0.1,10.541797365248582
4,0.010772,1.0,0.55,0.325,5.44353378452641
4,0.010772,1.0,0.55,0.55,1.5323702862797215
4,0.010772,1.0,0.55,0.775,0.8435557864466969
4,0.010772,1.0,0.55,1.0,0.2271589975528502
4,0.010772,1.0,0.775,0.1,5.618063893851274
4,0.010772,1.0,0.775,0.325,0.1868736719525356
4,0.010772,1.0,0.775,0.55,1.2595953019410615
4,0.010772,1.0,0.775,0.775,1.4251831021080692
4,0.010772,1.0,0.775,1.0,0.5308036180767668
4,0.010772,1.0,1.0,0.1,2.8898135051529708
4,0.010772,1.0,1.0,0.325,0.8133545879256279
4,0.010772,1.0,1.0,0.55,0.3613044572372628
4,0.010772,1.0,1.0,0.775,0.959604484696649
4,0.010772,1.0,1.0,1.0,0.2769493979023388
4,0.010772,2.0,0.1,0.1,7.825969503090372
4,0.010772,2.0,0.1,0.325,6.638832260129343
4,0.010772,2.0,0.1,0.55,2.328755919994903
4,0.010772,2.0,0.1,0.775,6.585814245039061
4,0.010772,2.0,0.1,1.0,9.048274567169535
4,0.010772,2.0,0.325,0.1,0.0374679880809852
4,0.010772,2.0,0.325,0.325,1.5975021203745017
4,0.010772,2.0,0.325,0.55,0.4905945593252807
4,0.010772,2.0,0.325,0.775,1.4934623933739435
4,0.010772,2.0,0.325,1.0,1.2019752530065269
4,0.010772,2.0,0.55,0.1,3.2659694700543205
4,0.010772,2.0,0.55,0.325,1.8434444750043981
4,0.010772,2.0,0.55,0.55,0.3440316033022711
4,0.010772,2.0,0.55,0.775,1.0661089892393425
4,0.010772,2.0,0.55,1.0,1.2582126467533297
4,0.010772,2.0,0.775,0.1,5.549421376626797
4,0.010772,2.0,0.775,0.325,3.822831156273852
4,0.010772,2.0,0.775,0.55,0.992512602071759
4,0.010772,2.0,0.775,0.775,0.9239033931578201
4,0.010772,2.0,0.775,1.0,0.7598772772993084
4,0.010772,2.0,1.0,0.1,2.9807897610384293
4,0.010772,2.0,1.0,0.325,0.9882500326254571
4,0.010772,2.0,1.0,0.55,0.9276353995570839
4,0.010772,2.0,1.0,0.775,1.2344857320291687
4,0.010772,2.0,1.0,1.0,0.4564447599717345
4,0.010772,5.0,0.1,0.1,0.622780493792303
4,0.010772,5.0,0.1,0.325,4.628594037056658
4,0.010772,5.0,0.1,0.55,0.5994206351541856
4,0.010772,5.0,0.1,0.775,8.106786501229477
4,0.010772,5.0,0.1,1.0,8.885886627336134
4,0.010772,5.0,0.325,0.1,4.613198834482299
4,0.010772,5.0,0.325,0.325,3.2942986281922426
4,0.010772,5.0,0.325,0.55,4.1995540600161
4,0.010772,5.0,0.325,0.775,2.664300065790097
4,0.010772,5.0,0.325,1.0,1.2156985694569924
4,0.010772,5.0,0.55,0.1,3.7195210718829386
4,0.010772,5.0,0.55,0.325,1.5304420216459416
4,0.010772,5.0,0.55,0.55,0.7723336652890612
4,0.010772,5.0,0.55,0.775,0.4567888248110949
4,0.010772,5.0,0.55,1.0,0.390102253346724
4,0.010772,5.0,0.775,0.1,3.460020393274779
4,0.010772,5.0,0.775,0.325,3.361853159871649
4,0.010772,5.0,0.775,0.55,0.795253630857832
4,0.010772,5.0,0.775,0.775,0.5269335053827247
4,0.010772,5.0,0.775,1.0,0.7057480499928878
4,0.010772,5.0,1.0,0.1,0.7135777229650787
4,0.010772,5.0,1.0,0.325,1.938418884183093
4,0.010772,5.0,1.0,0.55,3.6275613430927987
4,0.010772,5.0,1.0,0.775,1.0190924934095613
4,0.010772,5.0,1.0,1.0,0.7922586580831978
4,0.05,0.5,0.1,0.1,195.70467843388474
4,0.05,0.5,0.1,0.325,139.2200436204148
4,0.05,0.5,0.1,0.55,194.39231665796854
4,0.05,0.5,0.1,0.775,70.30257615999939
4,0.05,0.5,0.1,1.0,83.78882327214349
4,0.05,0.5,0.325,0.1,4.933046878647414
4,0.05,0.5,0.325,0.325,124.63909463705612
4,0.05,0.5,0.325,0.55,153.17060307781628
4,0.05,0.5,0.325,0.775,32.48609290736682
4,0.05,0.5,0.325,1.0,31.670203359372362
4,0.05,0.5,0.55,0.1,0.3104995931332889
4,0.05,0.5,0.55,0.325,260.7533801860245
4,0.05,0.5,0.55,0.55,24.700802429210963
4,0.05,0.5,0.55,0.775,6.075567308222855
4,0.05,0.5,0.55,1.0,9.423927268919392
4,0.05,0.5,0.775,0.1,3.636329748343379
4,0.05,0.5,0.775,0.325,162.4984886829898
4,0.05,0.5,0.775,0.55,0.4976899418416296
4,0.05,0.5,0.775,0.775,4.370159029964889
4,0.05,0.5,0.775,1.0,1.9333814425150984
4,0.05,0.5,1.0,0.1,7.609588199896856
4,0.05,0.5,1.0,0.325,23.817580754659538
4,0.05,0.5,1.0,0.55,1.071339571438523
4,0.05,0.5,1.0,0.775,9.84163458281487
4,0.05,0.5,1.0,1.0,1.6269719275668264
4,0.05,1.0,0.1,0.1,139.93116050300983
4,0.05,1.0,0.1,0.325,208.44047811954033
4,0.05,1.0,0.1,0.55,136.60945174396954
4,0.05,1.0,0.1,0.775,70.11441988866534
4,0.05,1.0,0.1,1.0,75.06120701325017
4,0.05,1.0,0.325,0.1,4.875329976569099
4,0.05,1.0,0.325,0.325,109.67176947097302
4,0.05,1.0,0.325,0.55,153.1651227760965
4,0.05,1.0,0.325,0.775,51.39062141914079
4,0.05,1.0,0.325,1.0,22.250147511670452
4,0.05,1.0,0.55,0.1,0.31051045192815435
4,0.05,1.0,0.55,0.325,260.3570863432643
4,0.05,1.0,0.55,0.55,24.75977141266513
4,0.05,1.0,0.55,0.775,19.488896461904574
4,0.05,1.0,0.55,1.0,14.32007335894663
4,0.05,1.0,0.775,0.1,3.636337397927394
4,0.05,1.0,0.775,0.325,162.49848853208834
4,0.05,1.0,0.775,0.55,12.020510444063751
4,0.05,1.0,0.775,0.775,12.690290370203074
4,0.05,1.0,0.775,1.0,4.302252863235756
4,0.05,1.0,1.0,0.1,7.609599320443446
4,0.05,1.0,1.0,0.325,66.00384279672906
4,0.05,1.0,1.0,0.55,3.732223025006635
4,0.05,1.0,1.0,0.775,5.11410158537915
4,0.05,1.0,1.0,1.0,19.036947389573395
4,0.05,2.0,0.1,0.1,137.3884342838368
4,0.05,2.0,0.1,0.325,164.62107904106185
4,0.05,2.0,0.1,0.55,172.45111987319694
4,0.05,2.0,0.1,0.775,91.6813175804967
4,0.05,2.0,0.1,1.0,119.77281250438064
4,0.05,2.0,0.325,0.1,118.23048022330337
4,0.05,2.0,0.325,0.325,109.8290504546704
4,0.05,2.0,0.325,0.55,153.16511084035216
4,0.05,2.0,0.325,0.775,33.796729524663505
4,0.05,2.0,0.325,1.0,6.312351100805128
4,0.05,2.0,0.55,0.1,0.31051045193210985
4,0.05,2.0,0.55,0.325,260.3557675547272
4,0.05,2.0,0.55,0.55,24.759740592648537
4,0.05,2.0,0.55,0.775,28.496444895979806
4,0.05,2.0,0.55,1.0,22.112012395402346
4,0.05,2.0,0.775,0.1,3.6363373979278655
4,0.05,2.0,0.775,0.325,162.49848853208823
4,0.05,2.0,0.775,0.55,12.063351269402403
4,0.05,2.0,0.775,0.775,17.293965565574595
4,0.05,2.0,0.775,1.0,11.484947165096532
4,0.05,2.0,1.0,0.1,7.609599320444122
4,0.05,2.0,1.0,0.325,66.637216954641
4,0.05,2.0,1.0,0.55,4.909603619230827
4,0.05,2.0,1.0,0.775,22.7394281016257
4,0.05,2.0,1.0,1.0,13.57519661687982
4,0.05,5.0,0.1,0.1,137.15580492661917
4,0.05,5.0,0.1,0.325,186.87281068544274
4,0.05,5.0,0.1,0.55,nan
4,0.05,5.0,0.1,0.775,73.08689491071232
4,0.05,5.0,0.1,1.0,120.14381920576457
4,0.05,5.0,0.325,0.1,115.92868891725949
4,0.05,5.0,0.325,0.325,109.82911873223611
4,0.05,5.0,0.325,0.55,153.16511084029628
4,0.05,5.0,0.325,0.775,64.16790218579303
4,0.05,5.0,0.325,1.0,18.940016124822094
4,0.05,5.0,0.55,0.1,0.31051045193211224
4,0.05,5.0,0.55,0.325,260.3557675422009
4,0.05,5.0,0.55,0.55,24.759740592193207
4,0.05,5.0,0.55,0.775,19.95917945596515
4,0.05,5.0,0.55,1.0,nan
4,0.05,5.0,0.775,0.1,3.6363373979278784
4,0.05,5.0,0.775,0.325,162.49848853208803
4,0.05,5.0,0.775,0.55,12.0207272158851
4,0.05,5.0,0.775,0.775,8.509098615985424
4,0.05,5.0,0.775,1.0,16.796526759725772
4,0.05,5.0,1.0,0.1,7.60959932044411
4,0.05,5.0,1.0,0.325,66.6419403717614
4,0.05,5.0,1.0,0.55,3.7168724341389674
4,0.05,5.0,1.0,0.775,11.471020873695414
4,0.05,5.0,1.0,1.0,1.918614458090211
5,0.0005,0.5,0.1,0.1,13.610358349470761
5,0.0005,0.5,0.1,0.325,13.27714561830029
5,0.0005,0.5,0.1,0.55,67.71335472767308
5,0.0005,0.5,0.1,0.775,31.55263093226217
5,0.0005,0.5,0.1,1.0,44.00825253797658
5,0.0005,0.5,0.325,0.1,13.187180973811952
5,0.0005,0.5,0.325,0.325,59.48146629062016
5,0.0005,0.5,0.325,0.55,147.60053575311412
5,0.0005,0.5,0.325,0.775,33.23117442595363
5,0.0005,0.5,0.325,1.0,8.055347247713218
5,0.0005,0.5,0.55,0.1,11.026405750577021
5,0.0005,0.5,0.55,0.325,43.14032612273823
5,0.0005,0.5,0.55,0.55,60.97277485503936
5,0.0005,0.5,0.55,0.775,76.61374939375067
5,0.0005,0.5,0.55,1.0,1.7721120530532963
5,0.0005,0.5,0.775,0.1,10.137007717547185
5,0.0005,0.5,0.775,0.325,32.426000037739286
5,0.0005,0.5,0.775,0.55,35.55804290080522
5,0.0005,0.5,0.775,0.775,14.25966043429456
5,0.0005,0.5,0.775,1.0,1.1780660332931054
5,0.0005,0.5,1.0,0.1,9.730356358924455
5,0.0005,0.5,1.0,0.325,20.007320699062486
5,0.0005,0.5,1.0,0.55,20.91688071081455
5,0.0005,0.5,1.0,0.775,2.1194246545510085
5,0.0005,0.5,1.0,1.0,0.09481167890976068
5,0.0005,1.0,0.1,0.1,2.005796297004024
5,0.0005,1.0,0.1,0.325,0.5530091754344826
5,0.0005,1.0,0.1,0.55,172.05132718238076
5,0.0005,1.0,0.1,0.775,50.75484882063257
5,0.0005,1.0,0.1,1.0,7.926893649744377
5,0.0005,1.0,0.325,0.1,3.6002317570819407
5,0.0005,1.0,0.325,0.325,11.418837969647763
5,0.0005,1.0,0.325,0.55,153.61634973176183
5,0.0005,1.0,0.325,0.775,0.04821042714293586
5,0.0005,1.0,0.325,1.0,3.02782032420015
5,0.0005,1.0,0.55,0.1,3.9582804805913536
5,0.0005,1.0,0.55,0.325,10.995823681221069
5,0.0005,1.0,0.55,0.55,9.99851034040224
5,0.0005,1.0,0.55,0.775,1.770081716029175
5,0.0005,1.0,0.55,1.0,2.828657460576735
5,0.0005,1.0,0.775,0.1,3.9212891424479834
5,0.0005,1.0,0.775,0.325,13.993028945743905
5,0.0005,1.0,0.775,0.55,2.7861358070633253
5,0.0005,1.0,0.775,0.775,0.6033179214537224
5,0.0005,1.0,0.775,1.0,0.44478937903431737
5,0.0005,1.0,1.0,0.1,3.9177975488120738
5,0.0005,1.0,1.0,0.325,8.048942679168643
5,0.0005,1.0,1.0,0.55,5.3024658767452815
5,0.0005,1.0,1.0,0.775,0.34742359415352253
5,0.0005,1.0,1.0,1.0,0.11016339979471419
5,0.0005,2.0,0.1,0.1,1.1980440553088725
5,0.0005,2.0,0.1,0.325,0.5957605824132294
5,0.0005,2.0,0.1,0.55,236.85119471539505
5,0.0005,2.0,0.1,0.775,66.36299137849525
5,0.0005,2.0,0.1,1.0,5.855449076113356
5,0.0005,2.0,0.325,0.1,0.6611909553793763
5,0.0005,2.0,0.325,0.325,0.12411938327137342
5,0.0005,2.0,0.325,0.55,169.92711943478085
5,0.0005,2.0,0.325,0.775,2.3457643909373216
5,0.0005,2.0,0.325,1.0,2.98908389970793
5,0.0005,2.0,0.55,0.1,1.141149209280366
5,0.0005,2.0,0.55,0.325,2.7348838909729065
5,0.0005,2.0,0.55,0.55,80.45402233782231
5,0.0005,2.0,0.55,0.775,1.2217559458371676
5,0.0005,2.0,0.55,1.0,2.815884312329956
5,0.0005,2.0,0.775,0.1,1.3097257203095674
5,0.0005,2.0,0.775,0.325,3.3530679024492342
5,0.0005,2.0,0.775,0.55,0.3384073275368928
5,0.0005,2.0,0.775,0.775,0.10389231971034991
5,0.0005,2.0,0.775,1.0,0.4338945451426255
5,0.0005,2.0,1.0,0.1,1.3758765751157571
5,0.0005,2.0,1.0,0.325,2.320955241964183
5,0.0005,2.0,1.0,0.55,1.1748354013158464
5,0.0005,2.0,1.0,0.775,0.29500647215629416
5,0.0005,2.0,1.0,1.0,0.11975383145165464
5,0.0005,5.0,0.1,0.1,0.9163705274461582
5,0.0005,5.0,0.1,0.325,0.4985501785088567
5,0.0005,5.0,0.1,0.55,176.36528048540995
5,0.0005,5.0,0.1,0.775,5.4599486296868
5,0.0005,5.0,0.1,1.0,5.092059779187752
5,0.0005,5.0,0.325,0.1,0.20556898698016401
5,0.0005,5.0,0.325,0.325,0.0033623102984886386
5,0.0005,5.0,0.325,0.55,0.001323150918822169
5,0.0005,5.0,0.325,0.775,2.67109937338446
5,0.0005,5.0,0.325,1.0,2.9518685695845024
5,0.0005,5.0,0.55,0.1,0.2702437725492935
5,0.0005,5.0,0.55,0.325,0.28918059896550236
5,0.0005,5.0,0.55,0.55,137.07350064178746
5,0.0005,5.0,0.55,0.775,1.5212808305454828
5,0.0005,5.0,0.55,1.0,0.6798308102239404
5,0.0005,5.0,0.775,0.1,0.3306307434292826
5,0.0005,5.0,0.775,0.325,0.8653981999251709
5,0.0005,5.0,0.775,0.55,0.24851342542511728
5,0.0005,5.0,0.775,0.775,0.08752705476950294
5,0.0005,5.0,0.775,1.0,0.4331209869074896
5,0.0005,5.0,1.0,0.1,0.36872448459583124
5,0.0005,5.0,1.0,0.325,0.6125449764443105
5,0.0005,5.0,1.0,0.55,0.3486080235030561
5,0.0005,5.0,1.0,0.775,0.27083229617161836
5,0.0005,5.0,1.0,1.0,0.1642590637961042
5,0.002321,0.5,0.1,0.1,1.964841299803573
5,0.002321,0.5,0.1,0.325,0.5470609288712469
5,0.002321,0.5,0.1,0.55,0.49394376735128787
5,0.002321,0.5,0.1,0.775,0.3210688759946613
5,0.002321,0.5,0.1,1.0,3.081781031704513
5,0.002321,0.5,0.325,0.1,0.8285473472688314
5,0.002321,0.5,0.325,0.325,2.8014804551519337
5,0.002321,0.5,0.325,0.55,0.6812183957046172
5,0.002321,0.5,0.325,0.775,2.83782207558688
5,0.002321,0.5,0.325,1.0,2.2787221649315947
5,0.002321,0.5,0.55,0.1,1.9066109466458199
5,0.002321,0.5,0.55,0.325,4.505674585165276
5,0.002321,0.5,0.55,0.55,2.011829087711422
5,0.002321,0.5,0.55,0.775,0.9174401926889598
5,0.002321,0.5,0.55,1.0,0.3408804587435907
5,0.002321,0.5,0.775,0.1,1.297233689637027
5,0.002321,0.5,0.775,0.325,6.886434337758522
5,0.002321,0.5,0.775,0.55,3.844175217204822
5,0.002321,0.5,0.775,0.775,1.5953543918329658
5,0.002321,0.5,0.775,1.0,0.7866866614125668
5,0.002321,0.5,1.0,0.1,2.4983521365965697
5,0.002321,0.5,1.0,0.325,1.0828658046260085
5,0.002321,0.5,1.0,0.55,4.69489945020445
5,0.002321,0.5,1.0,0.775,2.698977449393809
5,0.002321,0.5,1.0,1.0,0.7142661738583476
5,0.002321,1.0,0.1,0.1,0.909327910646544
5,0.002321,1.0,0.1,0.325,0.33342517813060013
5,0.002321,1.0,0.1,0.55,0.2877126698632796
5,0.002321,1.0,0.1,0.775,0.287568365006546
5,0.002321,1.0,0.1,1.0,2.5588076348756577
5,0.002321,1.0,0.325,0.1,0.31979026216730444
5,0.002321,1.0,0.325,0.325,0.1363117540312852
5,0.002321,1.0,0.325,0.55,0.04851776636610678
5,0.002321,1.0,0.325,0.775,0.09965371579301951
5,0.002321,1.0,0.325,1.0,0.11977006819287704
5,0.002321,1.0,0.55,0.1,0.4350907045891175
5,0.002321,1.0,0.55,0.325,0.32380093447941494
5,0.002321,1.0,0.55,0.55,0.006185370332195758
5,0.002321,1.0,0.55,0.775,0.02337821391597136
5,0.002321,1.0,0.55,1.0,0.05860894857849992
5,0.002321,1.0,0.775,0.1,0.28127112916030317
5,0.002321,1.0,0.775,0.325,0.08128519460671794
5,0.002321,1.0,0.775,0.55,0.02761401656709536
5,0.002321,1.0,0.775,0.775,0.6898644910887947
5,0.002321,1.0,0.775,1.0,0.03646059462215237
5,0.002321,1.0,1.0,0.1,0.35449517111942996
5,0.002321,1.0,1.0,0.325,0.616816638227117
5,0.002321,1.0,1.0,0.55,0.11971496071595863
5,0.002321,1.0,1.0,0.775,0.07970229850046558
5,0.002321,1.0,1.0,1.0,0.22077280544051575
5,0.002321,2.0,0.1,0.1,0.8448220207337637
5,0.002321,2.0,0.1,0.325,0.32620886668179755
5,0.002321,2.0,0.1,0.55,0.281553151193669
5,0.002321,2.0,0.1,0.775,2.115490585704176
5,0.002321,2.0,0.1,1.0,2.551875731057334
5,0.002321,2.0,0.325,0.1,0.2670740772760883
5,0.002321,2.0,0.325,0.325,0.10617361161094069
5,0.002321,2.0,0.325,0.55,0.005446844124508631
5,0.002321,2.0,0.325,0.775,0.0857877056696846
5,0.002321,2.0,0.325,1.0,0.11269393773474642
5,0.002321,2.0,0.55,0.1,0.3494615489888904
5,0.002321,2.0,0.55,0.325,0.21353059250020304
5,0.002321,2.0,0.55,0.55,0.0031306792953724088
5,0.002321,2.0,0.55,0.775,0.02737164480281299
5,0.002321,2.0,0.55,1.0,0.05710251507515695
5,0.002321,2.0,0.775,0.1,0.23013516118467883
5,0.002321,2.0,0.775,0.325,0.02171842477058991
5,0.002321,2.0,0.775,0.55,0.019324577638077607
5,0.002321,2.0,0.775,0.775,0.01999154344027817
5,0.002321,2.0,0.775,1.0,0.03328086026794502
5,0.002321,2.0,1.0,0.1,0.28067559840499745
5,0.002321,2.0,1.0,0.325,0.15357196371873452
5,0.002321,2.0,1.0,0.55,0.07468574842353397
5,0.002321,2.0,1.0,0.775,0.046776176676353406
5,0.002321,2.0,1.0,1.0,0.23290523848761074
5,0.002321,5.0,0.1,0.1,0.8060888813902038
5,0.002321,5.0,0.1,0.325,0.32369934873087536
5,0.002321,5.0,0.1,0.55,0.2805474870235369
5,0.002321,5.0,0.1,0.775,0.27803716516626353
5,0.002321,5.0,0.1,1.0,2.545981715030831
5,0.002321,5.0,0.325,0.1,0.2008493701236777
5,0.002321,5.0,0.325,0.325,0.10948386624142463
5,0.002321,5.0,0.325,0.55,0.03558491460336892
5,0.002321,5.0,0.325,0.775,0.08576392022620719
5,0.002321,5.0,0.325,1.0,0.2523769554450991
5,0.002321,5.0,0.55,0.1,0.23829003420079453
5,0.002321,5.0,0.55,0.325,0.22303215283340735
5,0.002321,5.0,0.55,0.55,0.054114578988435455
5,0.002321,5.0,0.55,0.775,0.04281322888110456
5,0.002321,5.0,0.55,1.0,0.06104106066090082
5,0.002321,5.0,0.775,0.1,0.1552092183530882
5,0.002321,5.0,0.775,0.325,0.046655366963334804
5,0.002321,5.0,0.775,0.55,0.05373416486211385
5,0.002321,5.0,0.775,0.775,0.00878226348147638
5,0.002321,5.0,0.775,1.0,0.03590871521543353
5,0.002321,5.0,1.0,0.1,0.18299676663684436
5,0.002321,5.0,1.0,0.325,0.20217380631054965
5,0.002321,5.0,1.0,0.55,0.21079299156391126
5,0.002321,5.0,1.0,0.775,0.025959972068608797
5,0.002321,5.0,1.0,1.0,0.03305372435718163
5,0.010772,0.5,0.1,0.1,42.85244968491998
5,0.010772,0.5,0.1,0.325,7.857157602406243
5,0.010772,0.5,0.1,0.55,0.228117234219112
5,0.010772,0.5,0.1,0.775,3.370536540008044
5,0.010772,0.5,0.1,1.0,18.1486427771897
5,0.010772,0.5,0.325,0.1,4.433410313175416
5,0.010772,0.5,0.325,0.325,6.550767898057069
5,0.010772,0.5,0.325,0.55,9.367493120355942
5,0.010772,0.5,0.325,0.775,1.0619172179433611
5,0.010772,0.5,0.325,1.0,9.25508608242001
5,0.010772,0.5,0.55,0.1,74.9395449185105
5,0.010772,0.5,0.55,0.325,3.787949747176813
5,0.010772,0.5,0.55,0.55,4.2008790458939655
5,0.010772,0.5,0.55,0.775,0.7841052345991955
5,0.010772,0.5,0.55,1.0,3.13344051127886
5,0.010772,0.5,0.775,0.1,30.618464863495625
5,0.010772,0.5,0.775,0.325,11.328520603074546
5,0.010772,0.5,0.775,0.55,0.11112818870737008
5,0.010772,0.5,0.775,0.775,1.691486860449332
5,0.010772,0.5,0.775,1.0,1.4396086253917715
5,0.010772,0.5,1.0,0.1,6.921868775199161
5,0.010772,0.5,1.0,0.325,3.4336439005363175
5,0.010772,0.5,1.0,0.55,8.481395355937162
5,0.010772,0.5,1.0,0.775,0.3920393393385296
5,0.010772,0.5,1.0,1.0,0.27908407379259054
5,0.010772,1.0,0.1,0.1,9.54388223912762
5,0.010772,1.0,0.1,0.325,5.424414417403649
5,0.010772,1.0,0.1,0.55,3.9398643418072323
5,0.010772,1.0,0.1,0.775,7.964252001386897
5,0.010772,1.0,0.1,1.0,6.188428406620916
5,0.010772,1.0,0.325,0.1,0.29746138308208125
5,0.010772,1.0,0.325,0.325,3.1106059073456156
5,0.010772,1.0,0.325,0.55,4.651289851607269
5,0.010772,1.0,0.325,0.775,2.5464573404032373
5,0.010772,1.0,0.325,1.0,1.1261176473335581
5,0.010772,1.0,0.55,0.1,36.12975522619073
5,0.010772,1.0,0.55,0.325,7.624527925719565
5,0.010772,1.0,0.55,0.55,0.7970060161852105
5,0.010772,1.0,0.55,0.775,0.5426550632170068
5,0.010772,1.0,0.55,1.0,1.132438647870607
5,0.010772,1.0,0.775,0.1,7.9174834307687565
5,0.010772,1.0,0.775,0.325,2.7673475211014518
5,0.010772,1.0,0.775,0.55,1.1659989489239022
5,0.010772,1.0,0.775,0.775,0.680648431674548
5,0.010772,1.0,0.775,1.0,0.7791095563052552
5,0.010772,1.0,1.0,0.1,3.209760794530617
5,0.010772,1.0,1.0,0.325,0.3414926198970904
5,0.010772,1.0,1.0,0.55,1.1521501578978142
5,0.010772,1.0,1.0,0.775,0.34792808346899384
5,0.010772,1.0,1.0,1.0,1.2930758147994244
5,0.010772,2.0,0.1,0.1,0.08324660686926683
5,0.010772,2.0,0.1,0.325,4.91527819793216
5,0.010772,2.0,0.1,0.55,1.0630916420009062
5,0.010772,2.0,0.1,0.775,9.390363068033146
5,0.010772,2.0,0.1,1.0,5.08267649387811
5,0.010772,2.0,0.325,0.1,0.03751434079891199
5,0.010772,2.0,0.325,0.325,3.442733632547012
5,0.010772,2.0,0.325,0.55,3.4034394471903466
5,0.010772,2.0,0.325,0.775,1.7903043756429946
5,0.010772,2.0,0.325,1.0,0.8696120849597755
5,0.010772,2.0,0.55,0.1,3.7275146459255133
5,0.010772,2.0,0.55,0.325,0.8132395701652132
5,0.010772,2.0,0.55,0.55,0.3832516228056582
5,0.010772,2.0,0.55,0.775,1.062540232667767
5,0.010772,2.0,0.55,1.0,0.9754802060880108
5,0.010772,2.0,0.775,0.1,5.549508751814911
5,0.010772,2.0,0.775,0.325,0.3171206895140087
5,0.010772,2.0,0.775,0.55,3.671686457544502
5,0.010772,2.0,0.775,0.775,0.23082809836181659
5,0.010772,2.0,0.775,1.0,0.5890819754372951
5,0.010772,2.0,1.0,0.1,2.982381931110961
5,0.010772,2.0,1.0,0.325,0.2416997530094711
5,0.010772,2.0,1.0,0.55,1.1042203568210458
5,0.010772,2.0,1.0,0.775,0.37076920018307885
5,0.010772,2.0,1.0,1.0,0.2859620180434837
5,0.010772,5.0,0.1,0.1,0.6441195641715278
5,0.010772,5.0,0.1,0.325,4.67217434804518
5,0.010772,5.0,0.1,0.55,1.8414307264887486
5,0.010772,5.0,0.1,0.775,20.247116817170916
5,0.010772,5.0,0.1,1.0,14.223947065643419
5,0.010772,5.0,0.325,0.1,4.613198834476318
5,0.010772,5.0,0.325,0.325,2.856591853613286
5,0.010772,5.0,0.325,0.55,4.199554060947764
5,0.010772,5.0,0.325,0.775,2.6643006937740106
5,0.010772,5.0,0.325,1.0,1.2156985694569138
5,0.010772,5.0,0.55,0.1,3.7195210718835505
5,0.010772,5.0,0.55,0.325,2.3410380376770346
5,0.010772,5.0,0.55,0.55,0.7724898233741279
5,0.010772,5.0,0.55,0.775,0.45678882238916607
5,0.010772,5.0,0.55,1.0,0.39010200625396263
5,0.010772,5.0,0.775,0.1,3.4600203945263903
5,0.010772,5.0,0.775,0.325,3.332454815659545
5,0.010772,5.0,0.775,0.55,1.5077881383155627
5,0.010772,5.0,0.775,0.775,0.5269335054426713
5,0.010772,5.0,0.775,1.0,0.9969275370612201
5,0.010772,5.0,1.0,0.1,0.713577722866278
5,0.010772,5.0,1.0,0.325,1.4417816862616486
5,0.010772,5.0,1.0,0.55,3.627859219198403
5,0.010772,5.0,1.0,0.775,0.5867456141568345
5,0.010772,5.0,1.0,1.0,0.5346804623468614
5,0.05,0.5,0.1,0.1,195.71625996283151
5,0.05,0.5,0.1,0.325,136.6914111279197
5,0.05,0.5,0.1,0.55,187.49696170114078
5,0.05,0.5,0.1,0.775,25.49908214612584
5,0.05,0.5,0.1,1.0,82.38427374916584
5,0.05,0.5,0.325,0.1,4.933057317851744
5,0.05,0.5,0.325,0.325,152.94295573518463
5,0.05,0.5,0.325,0.55,153.17060307781622
5,0.05,0.5,0.325,0.775,80.5161949919895
5,0.05,0.5,0.325,1.0,45.15422909298354
5,0.05,0.5,0.55,0.1,0.31049959313300896
5,0.05,0.5,0.55,0.325,282.3999878455867
5,0.05,0.5,0.55,0.55,24.700802429303423
5,0.05,0.5,0.55,0.775,11.803872022712156
5,0.05,0.5,0.55,1.0,109.94110285216114
5,0.05,0.5,0.775,0.1,3.636329748343394
5,0.05,0.5,0.775,0.325,175.61971390910134
5,0.05,0.5,0.775,0.55,12.022128744470065
5,0.05,0.5,0.775,0.775,5.684484752087459
5,0.05,0.5,0.775,1.0,40.801260670737875
5,0.05,0.5,1.0,0.1,7.609588199896874
5,0.05,0.5,1.0,0.325,1.8296117660892746
5,0.05,0.5,1.0,0.55,1.592097579662652
5,0.05,0.5,1.0,0.775,0.05910332586260365
5,0.05,0.5,1.0,1.0,2.304297612524262
5,0.05,1.0,0.1,0.1,139.931160503386
5,0.05,1.0,0.1,0.325,211.99510585886512
5,0.05,1.0,0.1,0.55,153.10522302121535
5,0.05,1.0,0.1,0.775,94.79362887753982
5,0.05,1.0,0.1,1.0,126.41155966468096
5,0.05,1.0,0.325,0.1,4.87532997657064
5,0.05,1.0,0.325,0.325,144.69991219806272
5,0.05,1.0,0.325,0.55,153.1651227760965
5,0.05,1.0,0.325,0.775,51.39062141913947
5,0.05,1.0,0.325,1.0,44.244031844951834
5,0.05,1.0,0.55,0.1,0.31051045192815435
5,0.05,1.0,0.55,0.325,282.5192782015165
5,0.05,1.0,0.55,0.55,24.75977141266513
5,0.05,1.0,0.55,0.775,51.9210273009241
5,0.05,1.0,0.55,1.0,1.1983034140332178
5,0.05,1.0,0.775,0.1,3.636337397927394
5,0.05,1.0,0.775,0.325,180.52578895816796
5,0.05,1.0,0.775,0.55,60.32203266940815
5,0.05,1.0,0.775,0.775,14.806176864167533
5,0.05,1.0,0.775,1.0,83.05545444709917
5,0.05,1.0,1.0,0.1,7.609599320443446
5,0.05,1.0,1.0,0.325,1.206499235374792
5,0.05,1.0,1.0,0.55,3.7322298921653596
5,0.05,1.0,1.0,0.775,6.836775698996182
5,0.05,1.0,1.0,1.0,12.125942190258378
5,0.05,2.0,0.1,0.1,137.3884342838368
5,0.05,2.0,0.1,0.325,113.38145573279334
5,0.05,2.0,0.1,0.55,114.88975241857919
5,0.05,2.0,0.1,0.775,64.55952438820817
5,0.05,2.0,0.1,1.0,130.8558359764693
5,0.05,2.0,0.325,0.1,118.23048022330337
5,0.05,2.0,0.325,0.325,143.01739868439873
5,0.05,2.0,0.325,0.55,153.16511084035216
5,0.05,2.0,0.325,0.775,123.32944778542874
5,0.05,2.0,0.325,1.0,71.44916341509561
5,0.05,2.0,0.55,0.1,0.31051045193210985
5,0.05,2.0,0.55,0.325,282.51992180798806
5,0.05,2.0,0.55,0.55,24.759740592648537
5,0.05,2.0,0.55,0.775,28.682538667010277
5,0.05,2.0,0.55,1.0,3.063586748311909
5,0.05,2.0,0.775,0.1,3.6363373979278655
5,0.05,2.0,0.775,0.325,180.5525963596712
5,0.05,2.0,0.775,0.55,12.063351269402451
5,0.05,2.0,0.775,0.775,64.4124555842573
5,0.05,2.0,0.775,1.0,4.951620622861944
5,0.05,2.0,1.0,0.1,7.609599320444122
5,0.05,2.0,1.0,0.325,1.1491211630615696
5,0.05,2.0,1.0,0.55,4.909603619230827
5,0.05,2.0,1.0,0.775,7.309646018155758
5,0.05,2.0,1.0,1.0,18.2813429831127
5,0.05,5.0,0.1,0.1,137.15580492661917
5,0.05,5.0,0.1,0.325,132.011960417141
5,0.05,5.0,0.1,0.55,nan
5,0.05,5.0,0.1,0.775,89.73304922864227
5,0.05,5.0,0.1,1.0,nan
5,0.05,5.0,0.325,0.1,115.92868891725949
5,0.05,5.0,0.325,0.325,142.99795650287666
5,0.05,5.0,0.325,0.55,153.16511084029628
5,0.05,5.0,0.325,0.775,6.172332431196008
5,0.05,5.0,0.325,1.0,68.14462346766064
5,0.05,5.0,0.55,0.1,0.31051045193211224
5,0.05,5.0,0.55,0.325,282.51992182637883
5,0.05,5.0,0.55,0.55,24.759740592193207
5,0.05,5.0,0.55,0.775,18.737358573516794
5,0.05,5.0,0.55,1.0,22.113791878785953
5,0.05,5.0,0.775,0.1,3.6363373979278784
5,0.05,5.0,0.775,0.325,180.5525971151888
5,0.05,5.0,0.775,0.55,12.020727215885207
5,0.05,5.0,0.775,0.775,6.138338437000854
5,0.05,5.0,0.775,1.0,23.197772374018996
5,0.05,5.0,1.0,0.1,7.60959932044411
5,0.05,5.0,1.0,0.325,1.1490052589871458
5,0.05,5.0,1.0,0.55,3.7168724341399364
5,0.05,5.0,1.0,0.775,4.393581171043113
5,0.05,5.0,1.0,1.0,1.918614458090211
